,timestamp,signal,anomaly
0,1222819200,0.02458935684071584,0
1,1222840800,0.02458935684071584,0
2,1222862400,0.02458935684071584,0
3,1222884000,0.02458935684071584,0
4,1222905600,0.02458935684071584,0
5,1222927200,0.02458935684071584,0
6,1222948800,0.02458935684071584,0
7,1222970400,-0.31047192375922705,0
8,1222992000,-0.31047192375922705,0
9,1223013600,0.02458935684071584,0
10,1223035200,-0.31047192375922705,0
11,1223056800,-0.31047192375922705,0
12,1223078400,-0.31047192375922705,0
13,1223100000,-0.31047192375922705,0
14,1223121600,-0.31047192375922705,0
15,1223143200,-0.6454921209887772,0
16,1223164800,-0.6454921209887772,0
17,1223186400,-0.6454921209887772,0
18,1223208000,-0.6454921209887772,0
19,1223229600,-0.6552915452295114,0
20,1223251200,-0.6552915452295114,0
21,1223272800,-0.6552915452295114,0
22,1223294400,-0.6552915452295114,0
23,1223316000,-0.6552915452295114,0
24,1223337600,-0.3301650223926291,0
25,1223359200,-0.3301650223926291,0
26,1223380800,-0.665103052881511,0
27,1223402400,-0.665103052881511,0
28,1223424000,-0.665103052881511,0
29,1223445600,-0.665103052881511,0
30,1223467200,-0.665103052881511,0
31,1223488800,-0.6748955692961367,0
32,1223510400,-0.6748955692961367,0
33,1223532000,-0.6748955692961367,0
34,1223553600,-0.6748955692961367,0
35,1223575200,-0.6748955692961367,0
36,1223596800,-0.6748955692961367,0
37,1223618400,-0.6748955692961367,0
38,1223640000,-0.6748955692961367,0
39,1223661600,-0.34985959992756044,0
40,1223683200,-0.34985959992756044,0
41,1223704800,-0.34985959992756044,0
42,1223726400,-0.34985959992756044,0
43,1223748000,-0.34985959992756044,0
44,1223769600,-0.014962652809071388,0
45,1223791200,-0.014962652809071388,0
46,1223812800,-0.014962652809071388,0
47,1223834400,-0.014962652809071388,0
48,1223856000,0.31997537767981044,0
49,1223877600,0.31997537767981044,0
50,1223899200,0.31997537767981044,0
51,1223920800,0.31997537767981044,0
52,1223942400,0.31997537767981044,0
53,1223964000,0.6549544915390833,0
54,1223985600,0.9799841488696543,0
55,1224007200,0.6549544915390833,0
56,1224028800,0.6549544915390833,0
57,1224050400,0.6549544915390833,0
58,1224072000,0.6549544915390833,0
59,1224093600,0.6549544915390833,0
60,1224115200,0.6549544915390833,0
61,1224136800,0.9899746887686334,0
62,1224158400,0.9899746887686334,0
63,1224180000,0.9899746887686334,0
64,1224201600,0.6549544915390833,0
65,1224223200,0.9899746887686334,0
66,1224244800,0.9899746887686334,0
67,1224266400,0.9899746887686334,0
68,1224288000,0.9899746887686334,0
69,1224309600,0.9899746887686334,0
70,1224331200,0.6649387194000571,0
71,1224352800,1.0,0
72,1224374400,0.6748955692961385,0
73,1224396000,0.6748955692961385,0
74,1224417600,0.3497690464592562,0
75,1224439200,0.3497690464592562,0
76,1224460800,0.3497690464592562,0
77,1224482400,0.3497690464592562,0
78,1224504000,0.02458935684071584,0
79,1224525600,0.02458935684071584,0
80,1224547200,0.02458935684071584,0
81,1224568800,0.02458935684071584,0
82,1224590400,0.02458935684071584,0
83,1224612000,0.02458935684071584,0
84,1224633600,0.02458935684071584,0
85,1224655200,0.02458935684071584,0
86,1224676800,0.02458935684071584,0
87,1224698400,0.02458935684071584,0
88,1224720000,0.02458935684071584,0
89,1224741600,0.02458935684071584,0
90,1224763200,0.02458935684071584,0
91,1224784800,0.02458935684071584,0
92,1224806400,0.02458935684071584,0
93,1224828000,0.02458935684071584,0
94,1224849600,0.02458935684071584,0
95,1224871200,-0.31047192375922705,0
96,1224892800,-0.31047192375922705,0
97,1224914400,0.02458935684071584,0
98,1224936000,-0.31047192375922705,0
99,1224957600,-0.31047192375922705,0
100,1224979200,-0.31047192375922705,0
101,1225000800,-0.31047192375922705,0
102,1225022400,-0.31047192375922705,0
103,1225044000,-0.6454921209887772,0
104,1225065600,-0.6454921209887772,0
105,1225087200,-0.6454921209887772,0
106,1225108800,-0.6454921209887772,0
107,1225130400,-0.3203124313702368,0
108,1225152000,-0.3203124313702368,0
109,1225173600,-0.6552915452295114,0
110,1225195200,-0.6552915452295114,0
111,1225216800,-0.6552915452295114,0
112,1225238400,-0.6552915452295114,0
113,1225260000,-0.6552915452295114,0
114,1225281600,-0.665103052881511,0
115,1225303200,-0.665103052881511,0
116,1225324800,-0.665103052881511,0
117,1225346400,-0.665103052881511,0
118,1225368000,-0.665103052881511,0
119,1225389600,-0.33999862217764765,0
120,1225411200,-0.33999862217764765,0
121,1225432800,-0.6748955692961367,0
122,1225454400,-0.6748955692961367,0
123,1225476000,-0.6748955692961367,0
124,1225497600,-0.6748955692961367,0
125,1225519200,-0.6748955692961367,0
126,1225540800,-0.6748955692961367,0
127,1225562400,-0.34985959992756044,0
128,1225584000,-0.34985959992756044,0
129,1225605600,-0.34985959992756044,0
130,1225627200,-0.34985959992756044,0
131,1225648800,-0.34985959992756044,0
132,1225670400,-0.34985959992756044,0
133,1225692000,-0.34985959992756044,0
134,1225713600,-0.34985959992756044,0
135,1225735200,-0.014962652809071388,0
136,1225756800,-0.014962652809071388,0
137,1225778400,-0.014962652809071388,0
138,1225800000,0.31997537767981044,0
139,1225821600,0.31997537767981044,0
140,1225843200,0.6450050350103815,0
141,1225864800,0.31997537767981044,0
142,1225886400,0.31997537767981044,0
143,1225908000,0.31997537767981044,0
144,1225929600,0.9799841488696543,0
145,1225951200,0.6549544915390833,0
146,1225972800,0.9799841488696543,0
147,1225994400,0.6549544915390833,0
148,1226016000,0.6549544915390833,0
149,1226037600,0.6549544915390833,0
150,1226059200,0.9799841488696543,0
151,1226080800,0.9899746887686334,0
152,1226102400,0.9899746887686334,0
153,1226124000,0.9899746887686334,0
154,1226145600,0.9899746887686334,0
155,1226167200,0.9899746887686334,0
156,1226188800,0.9899746887686334,0
157,1226210400,0.9899746887686334,0
158,1226232000,0.9899746887686334,0
159,1226253600,0.6649387194000571,0
160,1226275200,0.6649387194000571,0
161,1226296800,0.6649387194000571,0
162,1226318400,0.6748955692961385,0
163,1226340000,0.6748955692961385,0
164,1226361600,0.6748955692961385,0
165,1226383200,0.014707765859313325,0
166,1226404800,0.3497690464592562,0
167,1226426400,0.3497690464592562,0
168,1226448000,0.3497690464592562,0
169,1226469600,0.02458935684071584,0
170,1226491200,0.02458935684071584,0
171,1226512800,0.02458935684071584,0
172,1226534400,0.02458935684071584,0
173,1226556000,0.02458935684071584,0
174,1226577600,0.02458935684071584,0
175,1226599200,0.02458935684071584,0
176,1226620800,0.02458935684071584,0
177,1226642400,0.02458935684071584,0
178,1226664000,0.02458935684071584,0
179,1226685600,0.02458935684071584,0
180,1226707200,0.02458935684071584,0
181,1226728800,0.02458935684071584,0
182,1226750400,0.02458935684071584,0
183,1226772000,0.02458935684071584,0
184,1226793600,-0.31047192375922705,0
185,1226815200,-0.31047192375922705,0
186,1226836800,-0.31047192375922705,0
187,1226858400,-0.31047192375922705,0
188,1226880000,-0.31047192375922705,0
189,1226901600,-0.31047192375922705,0
190,1226923200,-0.6454921209887772,0
191,1226944800,-0.6454921209887772,0
192,1226966400,-0.6454921209887772,0
193,1226988000,-0.6454921209887772,0
194,1227009600,-0.3203124313702368,0
195,1227031200,-0.6454921209887772,0
196,1227052800,-0.6454921209887772,0
197,1227074400,-0.6552915452295114,0
198,1227096000,-0.6552915452295114,0
199,1227117600,-0.6552915452295114,0
200,1227139200,-0.6552915452295114,0
201,1227160800,-0.665103052881511,0
202,1227182400,-0.665103052881511,0
203,1227204000,-0.665103052881511,0
204,1227225600,-0.665103052881511,0
205,1227247200,-0.665103052881511,0
206,1227268800,-0.665103052881511,0
207,1227290400,-0.6748955692961367,0
208,1227312000,-0.6748955692961367,0
209,1227333600,-0.6748955692961367,0
210,1227355200,-0.6748955692961367,0
211,1227376800,-0.6748955692961367,0
212,1227398400,-0.6748955692961367,0
213,1227420000,-0.34985959992756044,0
214,1227441600,-0.6748955692961367,0
215,1227463200,-0.34985959992756044,0
216,1227484800,-0.34985959992756044,0
217,1227506400,-0.34985959992756044,0
218,1227528000,-0.014962652809071388,0
219,1227549600,-0.34985959992756044,0
220,1227571200,-0.014962652809071388,0
221,1227592800,-0.014962652809071388,0
222,1227614400,-0.014962652809071388,0
223,1227636000,0.31997537767981044,0
224,1227657600,0.31997537767981044,0
225,1227679200,0.31997537767981044,0
226,1227700800,0.31997537767981044,0
227,1227722400,0.31997537767981044,0
228,1227744000,0.31997537767981044,0
229,1227765600,0.6549544915390833,0
230,1227787200,0.6549544915390833,0
231,1227808800,0.6549544915390833,0
232,1227830400,0.6549544915390833,0
233,1227852000,0.6549544915390833,0
234,1227873600,0.6549544915390833,0
235,1227895200,0.6549544915390833,0
236,1227916800,0.6549544915390833,0
237,1227938400,0.9899746887686334,0
238,1227960000,0.9899746887686334,0
239,1227981600,0.6549544915390833,0
240,1228003200,0.9899746887686334,0
241,1228024800,0.9899746887686334,0
242,1228046400,0.9899746887686334,0
243,1228068000,0.9899746887686334,0
244,1228089600,0.6649387194000571,0
245,1228111200,0.6649387194000571,0
246,1228132800,0.6649387194000571,0
247,1228154400,0.6649387194000571,0
248,1228176000,0.6649387194000571,0
249,1228197600,0.6649387194000571,0
250,1228219200,0.6748955692961385,0
251,1228240800,0.6748955692961385,0
252,1228262400,0.014707765859313325,0
253,1228284000,0.6748955692961385,0
254,1228305600,0.3497690464592562,0
255,1228327200,0.3497690464592562,0
256,1228348800,0.3497690464592562,0
257,1228370400,0.02458935684071584,0
258,1228392000,0.02458935684071584,0
259,1228413600,0.02458935684071584,0
260,1228435200,0.02458935684071584,0
261,1228456800,0.02458935684071584,0
262,1228478400,0.02458935684071584,0
263,1228500000,0.02458935684071584,0
264,1228521600,0.02458935684071584,0
265,1228543200,0.02458935684071584,0
266,1228564800,0.02458935684071584,0
267,1228586400,0.02458935684071584,0
268,1228608000,0.02458935684071584,0
269,1228629600,0.02458935684071584,0
270,1228651200,0.02458935684071584,0
271,1228672800,0.02458935684071584,0
272,1228694400,0.02458935684071584,0
273,1228716000,0.02458935684071584,0
274,1228737600,0.02458935684071584,0
275,1228759200,-0.31047192375922705,0
276,1228780800,-0.31047192375922705,0
277,1228802400,-0.31047192375922705,0
278,1228824000,-0.31047192375922705,0
279,1228845600,-0.31047192375922705,0
280,1228867200,-0.31047192375922705,0
281,1228888800,-0.31047192375922705,0
282,1228910400,-0.6454921209887772,0
283,1228932000,-0.6454921209887772,0
284,1228953600,-0.6454921209887772,0
285,1228975200,-0.6454921209887772,0
286,1228996800,-0.6454921209887772,0
287,1229018400,-0.98047123484805,0
288,1229040000,-0.6552915452295114,0
289,1229061600,-0.6552915452295114,0
290,1229083200,-0.6552915452295114,0
291,1229104800,-0.6552915452295114,0
292,1229126400,-0.9902295757183914,0
293,1229148000,-0.9902295757183914,0
294,1229169600,-0.665103052881511,0
295,1229191200,-0.665103052881511,0
296,1229212800,-0.665103052881511,0
297,1229234400,-0.665103052881511,0
298,1229256000,-0.665103052881511,0
299,1229277600,-0.6748955692961367,0
300,1229299200,-0.6748955692961367,0
301,1229320800,-0.6748955692961367,0
302,1229342400,-0.6748955692961367,0
303,1229364000,-0.6748955692961367,0
304,1229385600,-0.6748955692961367,0
305,1229407200,-0.6748955692961367,0
306,1229428800,-0.6748955692961367,0
307,1229450400,-0.6748955692961367,0
308,1229472000,-0.6748955692961367,0
309,1229493600,-0.34985959992756044,0
310,1229515200,-0.34985959992756044,0
311,1229536800,-0.34985959992756044,0
312,1229558400,-0.014962652809071388,0
313,1229580000,-0.014962652809071388,0
314,1229601600,-0.014962652809071388,0
315,1229623200,-0.014962652809071388,0
316,1229644800,0.31997537767981044,0
317,1229666400,0.31997537767981044,0
318,1229688000,0.31997537767981044,0
319,1229709600,0.31997537767981044,0
320,1229731200,0.31997537767981044,0
321,1229752800,0.31997537767981044,0
322,1229774400,0.6549544915390833,0
323,1229796000,0.6549544915390833,0
324,1229817600,0.6549544915390833,0
325,1229839200,0.6549544915390833,0
326,1229860800,0.6549544915390833,0
327,1229882400,0.6549544915390833,0
328,1229904000,0.6549544915390833,0
329,1229925600,0.9899746887686334,0
330,1229947200,0.9899746887686334,0
331,1229968800,0.9899746887686334,0
332,1229990400,0.9899746887686334,0
333,1230012000,0.9899746887686334,0
334,1230033600,0.9899746887686334,0
335,1230055200,0.9899746887686334,0
336,1230076800,0.9899746887686334,0
337,1230098400,0.6649387194000571,0
338,1230120000,0.6649387194000571,0
339,1230141600,0.6649387194000571,0
340,1230163200,0.6748955692961385,0
341,1230184800,0.6748955692961385,0
342,1230206400,0.6748955692961385,0
343,1230228000,0.6748955692961385,0
344,1230249600,0.3497690464592562,0
345,1230271200,0.3497690464592562,0
346,1230292800,0.3497690464592562,0
347,1230314400,0.3497690464592562,0
348,1230336000,0.02458935684071584,0
349,1230357600,0.02458935684071584,0
350,1230379200,0.02458935684071584,0
351,1230400800,0.02458935684071584,0
352,1230422400,0.02458935684071584,0
353,1230444000,0.02458935684071584,0
354,1230465600,0.02458935684071584,0
355,1230487200,-0.30059664481582793,0
356,1230508800,0.02458935684071584,0
357,1230530400,0.02458935684071584,0
358,1230552000,0.02458935684071584,0
359,1230573600,0.02458935684071584,0
360,1230595200,0.02458935684071584,0
361,1230616800,0.02458935684071584,0
362,1230638400,0.02458935684071584,0
363,1230660000,0.02458935684071584,0
364,1230681600,0.02458935684071584,0
365,1230703200,0.02458935684071584,0
366,1230724800,0.02458935684071584,0
367,1230746400,-0.31047192375922705,0
368,1230768000,-0.6356579254157708,0
369,1230789600,-0.31047192375922705,0
370,1230811200,-0.6356579254157708,0
371,1230832800,-0.31047192375922705,0
372,1230854400,-0.31047192375922705,0
373,1230876000,-0.31047192375922705,0
374,1230897600,-0.6454921209887772,0
375,1230919200,-0.6454921209887772,0
376,1230940800,-0.6454921209887772,0
377,1230962400,-0.6454921209887772,0
378,1230984000,-0.6454921209887772,0
379,1231005600,-0.6454921209887772,0
380,1231027200,-0.6552915452295114,0
381,1231048800,-0.6552915452295114,0
382,1231070400,-0.6552915452295114,0
383,1231092000,-0.6552915452295114,0
384,1231113600,-0.6552915452295114,0
385,1231135200,-0.9902295757183914,0
386,1231156800,-0.9902295757183914,0
387,1231178400,-0.665103052881511,0
388,1231200000,-0.665103052881511,0
389,1231221600,-0.665103052881511,0
390,1231243200,-0.665103052881511,0
391,1231264800,-0.665103052881511,0
392,1231286400,-0.665103052881511,0
393,1231308000,-0.6748955692961367,0
394,1231329600,-1.0,0
395,1231351200,-0.6748955692961367,0
396,1231372800,-0.33999862217764765,0
397,1231394400,-0.6748955692961367,0
398,1231416000,-0.6748955692961367,0
399,1231437600,-0.6748955692961367,0
400,1231459200,-0.6748955692961367,0
401,1231480800,-0.6748955692961367,0
402,1231502400,-0.6748955692961367,0
403,1231524000,-0.6748955692961367,0
404,1231545600,-0.34985959992756044,0
405,1231567200,-0.34985959992756044,0
406,1231588800,-0.014962652809071388,0
407,1231610400,-0.014962652809071388,0
408,1231632000,-0.014962652809071388,0
409,1231653600,0.31997537767981044,0
410,1231675200,0.31997537767981044,0
411,1231696800,0.31997537767981044,0
412,1231718400,0.31997537767981044,0
413,1231740000,0.31997537767981044,0
414,1231761600,0.31997537767981044,0
415,1231783200,0.31997537767981044,0
416,1231804800,0.6549544915390833,0
417,1231826400,0.6549544915390833,0
418,1231848000,0.6549544915390833,0
419,1231869600,0.6549544915390833,0
420,1231891200,0.6549544915390833,0
421,1231912800,0.6549544915390833,0
422,1231934400,0.6549544915390833,0
423,1231956000,0.9899746887686334,0
424,1231977600,0.9899746887686334,0
425,1231999200,0.9899746887686334,0
426,1232020800,0.9899746887686334,0
427,1232042400,0.9899746887686334,0
428,1232064000,0.9899746887686334,0
429,1232085600,0.9899746887686334,0
430,1232107200,0.9899746887686334,0
431,1232128800,0.6649387194000571,0
432,1232150400,0.6649387194000571,0
433,1232172000,0.6649387194000571,0
434,1232193600,1.0,0
435,1232215200,0.3398342886961938,0
436,1232236800,0.6748955692961385,0
437,1232258400,0.3398342886961938,0
438,1232280000,0.6748955692961385,0
439,1232301600,0.3497690464592562,0
440,1232323200,0.3497690464592562,0
441,1232344800,0.3497690464592562,0
442,1232366400,0.3497690464592562,0
443,1232388000,0.3497690464592562,0
444,1232409600,0.02458935684071584,0
445,1232431200,0.02458935684071584,0
446,1232452800,0.02458935684071584,0
447,1232474400,0.02458935684071584,0
448,1232496000,0.02458935684071584,0
449,1232517600,0.02458935684071584,0
450,1232539200,0.02458935684071584,0
451,1232560800,-0.30059664481582793,0
452,1232582400,0.02458935684071584,0
453,1232604000,0.02458935684071584,0
454,1232625600,0.02458935684071584,0
455,1232647200,-0.30059664481582793,0
456,1232668800,0.02458935684071584,0
457,1232690400,0.02458935684071584,0
458,1232712000,0.02458935684071584,0
459,1232733600,0.02458935684071584,0
460,1232755200,0.02458935684071584,0
461,1232776800,0.02458935684071584,0
462,1232798400,-0.30059664481582793,0
463,1232820000,-0.6356579254157708,0
464,1232841600,0.02458935684071584,0
465,1232863200,-0.6356579254157708,0
466,1232884800,-0.6356579254157708,0
467,1232906400,-0.6356579254157708,0
468,1232928000,-0.31047192375922705,0
469,1232949600,-0.31047192375922705,0
470,1232971200,-0.6454921209887772,0
471,1232992800,-0.6454921209887772,0
472,1233014400,-0.6454921209887772,0
473,1233036000,-0.6454921209887772,0
474,1233057600,-0.6454921209887772,0
475,1233079200,-0.98047123484805,0
476,1233100800,-0.6552915452295114,0
477,1233122400,-0.6552915452295114,0
478,1233144000,-0.6552915452295114,0
479,1233165600,-0.6552915452295114,0
480,1233187200,-0.6552915452295114,0
481,1233208800,-0.9902295757183914,0
482,1233230400,-0.665103052881511,0
483,1233252000,-0.665103052881511,0
484,1233273600,-0.665103052881511,0
485,1233295200,-0.665103052881511,0
486,1233316800,-0.665103052881511,0
487,1233338400,-1.0,0
488,1233360000,-0.6748955692961367,0
489,1233381600,-0.6748955692961367,0
490,1233403200,-0.6748955692961367,0
491,1233424800,-0.6748955692961367,0
492,1233446400,-0.6748955692961367,0
493,1233468000,-0.6748955692961367,0
494,1233489600,-0.6748955692961367,0
495,1233511200,-0.6748955692961367,0
496,1233532800,-0.6748955692961367,0
497,1233554400,-0.6748955692961367,0
498,1233576000,-0.014962652809071388,0
499,1233597600,-0.014962652809071388,0
500,1233619200,-0.014962652809071388,0
501,1233640800,-0.014962652809071388,0
502,1233662400,0.31997537767981044,0
503,1233684000,0.31997537767981044,0
504,1233705600,0.31997537767981044,0
505,1233727200,0.31997537767981044,0
506,1233748800,0.31997537767981044,0
507,1233770400,0.6549544915390833,0
508,1233792000,0.6549544915390833,0
509,1233813600,0.6549544915390833,0
510,1233835200,0.6549544915390833,0
511,1233856800,0.6549544915390833,0
512,1233878400,0.6549544915390833,0
513,1233900000,0.6549544915390833,0
514,1233921600,0.9899746887686334,0
515,1233943200,0.9899746887686334,0
516,1233964800,0.9899746887686334,0
517,1233986400,0.9899746887686334,0
518,1234008000,0.9899746887686334,0
519,1234029600,0.9899746887686334,0
520,1234051200,0.9899746887686334,0
521,1234072800,0.9899746887686334,0
522,1234094400,0.6649387194000571,0
523,1234116000,0.6649387194000571,0
524,1234137600,0.6649387194000571,0
525,1234159200,0.6649387194000571,0
526,1234180800,1.0,0
527,1234202400,0.6748955692961385,0
528,1234224000,0.6748955692961385,0
529,1234245600,0.6748955692961385,0
530,1234267200,0.6748955692961385,0
531,1234288800,0.3497690464592562,0
532,1234310400,0.3497690464592562,0
533,1234332000,0.3497690464592562,0
534,1234353600,0.02458935684071584,0
535,1234375200,0.02458935684071584,0
536,1234396800,0.02458935684071584,0
537,1234418400,0.02458935684071584,0
538,1234440000,0.02458935684071584,0
539,1234461600,0.02458935684071584,0
540,1234483200,0.02458935684071584,0
541,1234504800,0.02458935684071584,0
542,1234526400,0.02458935684071584,0
543,1234548000,0.02458935684071584,0
544,1234569600,0.02458935684071584,0
545,1234591200,0.02458935684071584,0
546,1234612800,0.02458935684071584,0
547,1234634400,0.02458935684071584,0
548,1234656000,0.02458935684071584,0
549,1234677600,0.02458935684071584,0
550,1234699200,-0.31047192375922705,0
551,1234720800,-0.31047192375922705,0
552,1234742400,-0.31047192375922705,0
553,1234764000,-0.31047192375922705,0
554,1234785600,-0.31047192375922705,0
555,1234807200,-0.31047192375922705,0
556,1234828800,-0.31047192375922705,0
557,1234850400,-0.6454921209887772,0
558,1234872000,-0.6454921209887772,0
559,1234893600,-0.6454921209887772,0
560,1234915200,-0.6454921209887772,0
561,1234936800,-0.6454921209887772,0
562,1234958400,-0.6454921209887772,0
563,1234980000,-0.6552915452295114,0
564,1235001600,-0.6552915452295114,0
565,1235023200,-0.6552915452295114,0
566,1235044800,-0.6552915452295114,0
567,1235066400,-0.6552915452295114,0
568,1235088000,-0.6552915452295114,0
569,1235109600,-0.665103052881511,0
570,1235131200,-0.3301650223926291,0
571,1235152800,-0.665103052881511,0
572,1235174400,-0.665103052881511,0
573,1235196000,-0.665103052881511,0
574,1235217600,-0.665103052881511,0
575,1235239200,-0.6748955692961367,0
576,1235260800,-0.6748955692961367,0
577,1235282400,-0.6748955692961367,0
578,1235304000,-0.6748955692961367,0
579,1235325600,-0.6748955692961367,0
580,1235347200,-0.6748955692961367,0
581,1235368800,-0.6748955692961367,0
582,1235390400,-0.6748955692961367,0
583,1235412000,-0.6748955692961367,0
584,1235433600,-0.34985959992756044,0
585,1235455200,-0.34985959992756044,0
586,1235476800,-0.014962652809071388,0
587,1235498400,-0.014962652809071388,0
588,1235520000,-0.014962652809071388,0
589,1235541600,-0.014962652809071388,0
590,1235563200,0.31997537767981044,0
591,1235584800,0.31997537767981044,0
592,1235606400,0.31997537767981044,0
593,1235628000,0.31997537767981044,0
594,1235649600,0.31997537767981044,0
595,1235671200,0.6549544915390833,0
596,1235692800,0.6549544915390833,0
597,1235714400,0.6549544915390833,0
598,1235736000,0.6549544915390833,0
599,1235757600,0.6549544915390833,0
600,1235779200,0.9899746887686334,0
601,1235800800,0.9899746887686334,0
602,1235822400,0.9899746887686334,0
603,1235844000,0.9899746887686334,0
604,1235865600,0.9899746887686334,0
605,1235887200,0.9899746887686334,0
606,1235908800,0.9899746887686334,0
607,1235930400,0.6649387194000571,0
608,1235952000,0.6649387194000571,0
609,1235973600,0.6649387194000571,0
610,1235995200,0.6649387194000571,0
611,1236016800,1.0,0
612,1236038400,0.6748955692961385,0
613,1236060000,0.6748955692961385,0
614,1236081600,0.6748955692961385,0
615,1236103200,0.6748955692961385,0
616,1236124800,0.3497690464592562,0
617,1236146400,0.3497690464592562,0
618,1236168000,0.3497690464592562,0
619,1236189600,0.3497690464592562,0
620,1236211200,0.02458935684071584,0
621,1236232800,0.02458935684071584,0
622,1236254400,0.02458935684071584,0
623,1236276000,0.02458935684071584,0
624,1236297600,0.02458935684071584,0
625,1236319200,0.02458935684071584,0
626,1236340800,0.02458935684071584,0
627,1236362400,0.02458935684071584,0
628,1236384000,0.02458935684071584,0
629,1236405600,0.02458935684071584,0
630,1236427200,0.02458935684071584,0
631,1236448800,0.02458935684071584,0
632,1236470400,0.02458935684071584,0
633,1236492000,0.02458935684071584,0
634,1236513600,0.02458935684071584,0
635,1236535200,0.02458935684071584,0
636,1236556800,0.02458935684071584,0
637,1236578400,0.02458935684071584,0
638,1236600000,-0.31047192375922705,0
639,1236621600,-0.31047192375922705,0
640,1236643200,0.02458935684071584,0
641,1236664800,-0.31047192375922705,0
642,1236686400,-0.31047192375922705,0
643,1236708000,-0.31047192375922705,0
644,1236729600,-0.31047192375922705,0
645,1236751200,-0.6454921209887772,0
646,1236772800,-0.6454921209887772,0
647,1236794400,-0.6454921209887772,0
648,1236816000,-0.6454921209887772,0
649,1236837600,-0.6454921209887772,0
650,1236859200,-0.3203124313702368,0
651,1236880800,-0.6552915452295114,0
652,1236902400,-0.6552915452295114,0
653,1236924000,-0.6552915452295114,0
654,1236945600,-0.6552915452295114,0
655,1236967200,-0.6552915452295114,0
656,1236988800,-0.665103052881511,0
657,1237010400,-0.3301650223926291,0
658,1237032000,-0.665103052881511,0
659,1237053600,-0.665103052881511,0
660,1237075200,-0.665103052881511,0
661,1237096800,-0.665103052881511,0
662,1237118400,-0.665103052881511,0
663,1237140000,-0.6748955692961367,0
664,1237161600,-0.6748955692961367,0
665,1237183200,-0.6748955692961367,0
666,1237204800,-0.6748955692961367,0
667,1237226400,-0.6748955692961367,0
668,1237248000,-0.6748955692961367,0
669,1237269600,-0.6748955692961367,0
670,1237291200,-0.6748955692961367,0
671,1237312800,-0.34985959992756044,0
672,1237334400,-0.34985959992756044,0
673,1237356000,-0.34985959992756044,0
674,1237377600,-0.34985959992756044,0
675,1237399200,-0.014962652809071388,0
676,1237420800,-0.014962652809071388,0
677,1237442400,0.31997537767981044,0
678,1237464000,0.31997537767981044,0
679,1237485600,0.31997537767981044,0
680,1237507200,0.31997537767981044,0
681,1237528800,0.31997537767981044,0
682,1237550400,0.31997537767981044,0
683,1237572000,0.6549544915390833,0
684,1237593600,0.6549544915390833,0
685,1237615200,0.6549544915390833,0
686,1237636800,0.6549544915390833,0
687,1237658400,0.6549544915390833,0
688,1237680000,0.6549544915390833,0
689,1237701600,0.6549544915390833,0
690,1237723200,0.6549544915390833,0
691,1237744800,0.6549544915390833,0
692,1237766400,0.9899746887686334,0
693,1237788000,0.9899746887686334,0
694,1237809600,0.9899746887686334,0
695,1237831200,0.9899746887686334,0
696,1237852800,0.9899746887686334,0
697,1237874400,0.9899746887686334,0
698,1237896000,0.9899746887686334,0
699,1237917600,0.9899746887686334,0
700,1237939200,0.9899746887686334,0
701,1237960800,0.6649387194000571,0
702,1237982400,0.6649387194000571,0
703,1238004000,1.0,0
704,1238025600,1.0,0
705,1238047200,0.3398342886961938,0
706,1238068800,0.6748955692961385,0
707,1238090400,0.6748955692961385,0
708,1238112000,0.3497690464592562,0
709,1238133600,0.3497690464592562,0
710,1238155200,0.3497690464592562,0
711,1238176800,0.02458935684071584,0
712,1238198400,0.02458935684071584,0
713,1238220000,0.02458935684071584,0
714,1238241600,0.02458935684071584,0
715,1238263200,0.02458935684071584,0
716,1238284800,0.02458935684071584,0
717,1238306400,0.02458935684071584,0
718,1238328000,0.02458935684071584,0
719,1238349600,0.02458935684071584,0
720,1238371200,0.02458935684071584,0
721,1238392800,0.02458935684071584,0
722,1238414400,0.02458935684071584,0
723,1238436000,0.02458935684071584,0
724,1238457600,0.02458935684071584,0
725,1238479200,0.02458935684071584,0
726,1238500800,0.02458935684071584,0
727,1238522400,0.02458935684071584,0
728,1238544000,-0.31047192375922705,0
729,1238565600,0.02458935684071584,0
730,1238587200,-0.31047192375922705,0
731,1238608800,-0.31047192375922705,0
732,1238630400,-0.31047192375922705,0
733,1238652000,-0.31047192375922705,0
734,1238673600,-0.31047192375922705,0
735,1238695200,-0.31047192375922705,0
736,1238716800,-0.6454921209887772,0
737,1238738400,-0.6454921209887772,0
738,1238760000,-0.6454921209887772,0
739,1238781600,-0.6454921209887772,0
740,1238803200,-0.3203124313702368,0
741,1238824800,-0.6552915452295114,0
742,1238846400,-0.6552915452295114,0
743,1238868000,-0.6552915452295114,0
744,1238889600,-0.6552915452295114,0
745,1238911200,-0.6552915452295114,0
746,1238932800,-0.6552915452295114,0
747,1238954400,-0.665103052881511,0
748,1238976000,-0.665103052881511,0
749,1238997600,-0.665103052881511,0
750,1239019200,-0.665103052881511,0
751,1239040800,-0.665103052881511,0
752,1239062400,-0.33999862217764765,0
753,1239084000,-0.6748955692961367,0
754,1239105600,-0.6748955692961367,0
755,1239127200,-0.6748955692961367,0
756,1239148800,-0.6748955692961367,0
757,1239170400,-0.6748955692961367,0
758,1239192000,-0.6748955692961367,0
759,1239213600,-0.6748955692961367,0
760,1239235200,-0.34985959992756044,0
761,1239256800,-0.6748955692961367,0
762,1239278400,-0.34985959992756044,0
763,1239300000,-0.34985959992756044,0
764,1239321600,-0.34985959992756044,0
765,1239343200,-0.34985959992756044,0
766,1239364800,-0.34985959992756044,0
767,1239386400,-0.34985959992756044,0
768,1239408000,-0.014962652809071388,0
769,1239429600,-0.014962652809071388,0
770,1239451200,-0.014962652809071388,0
771,1239472800,-0.014962652809071388,0
772,1239494400,0.31997537767981044,0
773,1239516000,0.31997537767981044,0
774,1239537600,0.31997537767981044,0
775,1239559200,0.31997537767981044,0
776,1239580800,0.6549544915390833,0
777,1239602400,0.6549544915390833,0
778,1239624000,0.6549544915390833,0
779,1239645600,0.6549544915390833,0
780,1239667200,0.6549544915390833,0
781,1239688800,0.6549544915390833,0
782,1239710400,0.6549544915390833,0
783,1239732000,0.9899746887686334,0
784,1239753600,0.9899746887686334,0
785,1239775200,0.9899746887686334,0
786,1239796800,0.9899746887686334,0
787,1239818400,0.9899746887686334,0
788,1239840000,0.9899746887686334,0
789,1239861600,0.9899746887686334,0
790,1239883200,0.9899746887686334,0
791,1239904800,0.6649387194000571,0
792,1239926400,0.6649387194000571,0
793,1239948000,0.6649387194000571,0
794,1239969600,0.6649387194000571,0
795,1239991200,1.0,0
796,1240012800,0.6748955692961385,0
797,1240034400,0.3398342886961938,0
798,1240056000,0.6748955692961385,0
799,1240077600,0.3497690464592562,0
800,1240099200,0.3497690464592562,0
801,1240120800,0.3497690464592562,0
802,1240142400,0.02458935684071584,0
803,1240164000,0.02458935684071584,0
804,1240185600,0.02458935684071584,0
805,1240207200,0.02458935684071584,0
806,1240228800,0.02458935684071584,0
807,1240250400,0.02458935684071584,0
808,1240272000,0.02458935684071584,0
809,1240293600,0.02458935684071584,0
810,1240315200,0.02458935684071584,0
811,1240336800,0.02458935684071584,0
812,1240358400,0.02458935684071584,0
813,1240380000,0.02458935684071584,0
814,1240401600,0.02458935684071584,0
815,1240423200,0.02458935684071584,0
816,1240444800,0.02458935684071584,0
817,1240466400,-0.31047192375922705,0
818,1240488000,-0.31047192375922705,0
819,1240509600,-0.6356579254157708,0
820,1240531200,-0.31047192375922705,0
821,1240552800,-0.31047192375922705,0
822,1240574400,-0.31047192375922705,0
823,1240596000,-0.31047192375922705,0
824,1240617600,-0.6454921209887772,0
825,1240639200,-0.31047192375922705,0
826,1240660800,-0.6454921209887772,0
827,1240682400,-0.6454921209887772,0
828,1240704000,-0.6454921209887772,0
829,1240725600,-0.6454921209887772,0
830,1240747200,-0.6552915452295114,0
831,1240768800,-0.3203124313702368,0
832,1240790400,-0.6552915452295114,0
833,1240812000,-0.6552915452295114,0
834,1240833600,-0.6552915452295114,0
835,1240855200,-0.9902295757183914,0
836,1240876800,-0.665103052881511,0
837,1240898400,-0.665103052881511,0
838,1240920000,-0.665103052881511,0
839,1240941600,-0.665103052881511,0
840,1240963200,-0.665103052881511,0
841,1240984800,-0.665103052881511,0
842,1241006400,-0.6748955692961367,0
843,1241028000,-0.33999862217764765,0
844,1241049600,-0.6748955692961367,0
845,1241071200,-0.6748955692961367,0
846,1241092800,-0.6748955692961367,0
847,1241114400,-0.6748955692961367,0
848,1241136000,-0.34985959992756044,0
849,1241157600,-0.6748955692961367,0
850,1241179200,-0.6748955692961367,0
851,1241200800,-0.34985959992756044,0
852,1241222400,-0.34985959992756044,0
853,1241244000,-0.34985959992756044,0
854,1241265600,-0.34985959992756044,0
855,1241287200,-0.014962652809071388,0
856,1241308800,-0.014962652809071388,0
857,1241330400,-0.014962652809071388,0
858,1241352000,-0.014962652809071388,0
859,1241373600,0.31997537767981044,0
860,1241395200,0.31997537767981044,0
861,1241416800,0.31997537767981044,0
862,1241438400,0.31997537767981044,0
863,1241460000,0.31997537767981044,0
864,1241481600,0.31997537767981044,0
865,1241503200,0.6549544915390833,0
866,1241524800,0.6549544915390833,0
867,1241546400,0.6549544915390833,0
868,1241568000,0.6549544915390833,0
869,1241589600,0.6549544915390833,0
870,1241611200,0.6549544915390833,0
871,1241632800,0.6549544915390833,0
872,1241654400,0.6549544915390833,0
873,1241676000,0.9899746887686334,0
874,1241697600,0.9899746887686334,0
875,1241719200,0.9899746887686334,0
876,1241740800,0.9899746887686334,0
877,1241762400,0.9899746887686334,0
878,1241784000,0.9899746887686334,0
879,1241805600,0.9899746887686334,0
880,1241827200,0.9899746887686334,0
881,1241848800,0.6649387194000571,0
882,1241870400,0.6649387194000571,0
883,1241892000,0.6649387194000571,0
884,1241913600,0.6649387194000571,0
885,1241935200,0.6748955692961385,0
886,1241956800,0.6748955692961385,0
887,1241978400,0.6748955692961385,0
888,1242000000,0.014707765859313325,0
889,1242021600,0.3497690464592562,0
890,1242043200,0.3497690464592562,0
891,1242064800,0.3497690464592562,0
892,1242086400,0.02458935684071584,0
893,1242108000,0.02458935684071584,0
894,1242129600,0.02458935684071584,0
895,1242151200,0.02458935684071584,0
896,1242172800,0.02458935684071584,0
897,1242194400,0.02458935684071584,0
898,1242216000,0.02458935684071584,0
899,1242237600,0.02458935684071584,0
900,1242259200,0.02458935684071584,0
901,1242280800,0.02458935684071584,0
902,1242302400,0.02458935684071584,0
903,1242324000,0.02458935684071584,0
904,1242345600,0.02458935684071584,0
905,1242367200,0.02458935684071584,0
906,1242388800,0.02458935684071584,0
907,1242410400,0.02458935684071584,0
908,1242432000,0.02458935684071584,0
909,1242453600,0.02458935684071584,0
910,1242475200,-0.30059664481582793,0
911,1242496800,-0.6356579254157708,0
912,1242518400,-0.6356579254157708,0
913,1242540000,-0.6356579254157708,0
914,1242561600,-0.6356579254157708,0
915,1242583200,-0.31047192375922705,0
916,1242604800,-0.31047192375922705,0
917,1242626400,-0.6454921209887772,0
918,1242648000,-0.31047192375922705,0
919,1242669600,-0.6454921209887772,0
920,1242691200,-0.6454921209887772,0
921,1242712800,-0.6454921209887772,0
922,1242734400,-0.98047123484805,0
923,1242756000,-0.3203124313702368,0
924,1242777600,-0.6552915452295114,0
925,1242799200,-0.6552915452295114,0
926,1242820800,-0.6552915452295114,0
927,1242842400,-0.9902295757183914,0
928,1242864000,-0.665103052881511,0
929,1242885600,-0.665103052881511,0
930,1242907200,-0.665103052881511,0
931,1242928800,-0.665103052881511,0
932,1242950400,-0.665103052881511,0
933,1242972000,-1.0,0
934,1242993600,-0.6748955692961367,0
935,1243015200,-0.6748955692961367,0
936,1243036800,-0.6748955692961367,0
937,1243058400,-0.6748955692961367,0
938,1243080000,-0.6748955692961367,0
939,1243101600,-0.6748955692961367,0
940,1243123200,-0.6748955692961367,0
941,1243144800,-0.6748955692961367,0
942,1243166400,-0.6748955692961367,0
943,1243188000,-0.34985959992756044,0
944,1243209600,-0.014962652809071388,0
945,1243231200,-0.014962652809071388,0
946,1243252800,-0.014962652809071388,0
947,1243274400,-0.014962652809071388,0
948,1243296000,0.31997537767981044,0
949,1243317600,0.31997537767981044,0
950,1243339200,0.31997537767981044,0
951,1243360800,0.31997537767981044,0
952,1243382400,0.31997537767981044,0
953,1243404000,0.31997537767981044,0
954,1243425600,0.6549544915390833,0
955,1243447200,0.6549544915390833,0
956,1243468800,0.6549544915390833,0
957,1243490400,0.6549544915390833,0
958,1243512000,0.6549544915390833,0
959,1243533600,0.6549544915390833,0
960,1243555200,0.6549544915390833,0
961,1243576800,0.6549544915390833,0
962,1243598400,0.9899746887686334,0
963,1243620000,0.9899746887686334,0
964,1243641600,0.9899746887686334,0
965,1243663200,0.9899746887686334,0
966,1243684800,0.6649387194000571,0
967,1243706400,0.6649387194000571,0
968,1243728000,0.6649387194000571,0
969,1243749600,0.6649387194000571,0
970,1243771200,0.6649387194000571,0
971,1243792800,0.6649387194000571,0
972,1243814400,0.6748955692961385,0
973,1243836000,0.6748955692961385,0
974,1243857600,0.6748955692961385,0
975,1243879200,0.31997537767981044,0
976,1243900800,0.31997537767981044,0
977,1243922400,0.31997537767981044,0
978,1243944000,0.31997537767981044,0
979,1243965600,0.31997537767981044,0
980,1243987200,0.31997537767981044,0
981,1244008800,0.31997537767981044,0
982,1244030400,0.31997537767981044,0
983,1244052000,0.31997537767981044,0
984,1244073600,0.31997537767981044,0
985,1244095200,0.31997537767981044,0
986,1244116800,0.31997537767981044,0
987,1244138400,0.31997537767981044,0
988,1244160000,0.31997537767981044,0
989,1244181600,0.31997537767981044,0
990,1244203200,0.31997537767981044,0
991,1244224800,0.31997537767981044,0
992,1244246400,0.31997537767981044,0
993,1244268000,0.31997537767981044,0
994,1244289600,0.31997537767981044,0
995,1244311200,0.31997537767981044,0
996,1244332800,0.31997537767981044,0
997,1244354400,0.31997537767981044,0
998,1244376000,0.31997537767981044,0
999,1244397600,0.31997537767981044,0
1000,1244419200,0.31997537767981044,0
1001,1244440800,0.31997537767981044,0
1002,1244462400,0.31997537767981044,0
1003,1244484000,0.31997537767981044,0
1004,1244505600,0.31997537767981044,0
1005,1244527200,0.31997537767981044,0
1006,1244548800,0.31997537767981044,0
1007,1244570400,0.31997537767981044,0
1008,1244592000,0.31997537767981044,0
1009,1244613600,0.31997537767981044,0
1010,1244635200,0.31997537767981044,0
1011,1244656800,0.31997537767981044,0
1012,1244678400,0.31997537767981044,0
1013,1244700000,-0.6552915452295114,0
1014,1244721600,-0.6552915452295114,0
1015,1244743200,-0.9902295757183914,0
1016,1244764800,-0.9902295757183914,0
1017,1244786400,-0.665103052881511,0
1018,1244808000,-0.665103052881511,0
1019,1244829600,-0.665103052881511,0
1020,1244851200,-0.665103052881511,0
1021,1244872800,-0.665103052881511,0
1022,1244894400,-0.33999862217764765,0
1023,1244916000,-0.6748955692961367,0
1024,1244937600,-0.33999862217764765,0
1025,1244959200,-0.6748955692961367,0
1026,1244980800,-0.6748955692961367,0
1027,1245002400,-0.6748955692961367,0
1028,1245024000,-0.6748955692961367,0
1029,1245045600,-0.6748955692961367,0
1030,1245067200,-0.33999862217764765,0
1031,1245088800,-0.6748955692961367,0
1032,1245110400,-0.6748955692961367,0
1033,1245132000,-0.33999862217764765,0
1034,1245153600,-0.014962652809071388,0
1035,1245175200,-0.014962652809071388,0
1036,1245196800,-0.014962652809071388,0
1037,1245218400,0.31997537767981044,0
1038,1245240000,0.31997537767981044,0
1039,1245261600,0.31997537767981044,0
1040,1245283200,0.31997537767981044,0
1041,1245304800,0.31997537767981044,0
1042,1245326400,0.31997537767981044,0
1043,1245348000,0.6549544915390833,0
1044,1245369600,0.6549544915390833,0
1045,1245391200,0.6549544915390833,0
1046,1245412800,0.6549544915390833,0
1047,1245434400,0.6549544915390833,0
1048,1245456000,0.6549544915390833,0
1049,1245477600,0.6549544915390833,0
1050,1245499200,0.9899746887686334,0
1051,1245520800,0.9899746887686334,0
1052,1245542400,0.9899746887686334,0
1053,1245564000,0.9899746887686334,0
1054,1245585600,0.9899746887686334,0
1055,1245607200,0.9899746887686334,0
1056,1245628800,0.6649387194000571,0
1057,1245650400,0.6649387194000571,0
1058,1245672000,0.6649387194000571,0
1059,1245693600,0.6649387194000571,0
1060,1245715200,0.6649387194000571,0
1061,1245736800,1.0,0
1062,1245758400,1.0,0
1063,1245780000,0.6748955692961385,0
1064,1245801600,0.6748955692961385,0
1065,1245823200,0.6748955692961385,0
1066,1245844800,0.3497690464592562,0
1067,1245866400,0.3497690464592562,0
1068,1245888000,0.3497690464592562,0
1069,1245909600,0.3497690464592562,0
1070,1245931200,0.02458935684071584,0
1071,1245952800,0.02458935684071584,0
1072,1245974400,0.02458935684071584,0
1073,1245996000,0.02458935684071584,0
1074,1246017600,0.02458935684071584,0
1075,1246039200,-0.30059664481582793,0
1076,1246060800,-0.30059664481582793,0
1077,1246082400,-0.30059664481582793,0
1078,1246104000,-0.30059664481582793,0
1079,1246125600,-0.30059664481582793,0
1080,1246147200,-0.30059664481582793,0
1081,1246168800,0.02458935684071584,0
1082,1246190400,-0.30059664481582793,0
1083,1246212000,0.02458935684071584,0
1084,1246233600,0.02458935684071584,0
1085,1246255200,0.02458935684071584,0
1086,1246276800,0.02458935684071584,0
1087,1246298400,0.02458935684071584,0
1088,1246320000,-0.30059664481582793,0
1089,1246341600,-0.30059664481582793,0
1090,1246363200,0.02458935684071584,0
1091,1246384800,-0.6356579254157708,0
1092,1246406400,-0.6356579254157708,0
1093,1246428000,-0.6356579254157708,0
1094,1246449600,-0.6356579254157708,0
1095,1246471200,-0.31047192375922705,0
1096,1246492800,-0.31047192375922705,0
1097,1246514400,-0.31047192375922705,0
1098,1246536000,-0.6454921209887772,0
1099,1246557600,-0.6454921209887772,0
1100,1246579200,-0.6454921209887772,0
1101,1246600800,-0.6454921209887772,0
1102,1246622400,-0.6454921209887772,0
1103,1246644000,-0.6552915452295114,0
1104,1246665600,-0.6552915452295114,0
1105,1246687200,-0.6552915452295114,0
1106,1246708800,-0.6552915452295114,0
1107,1246730400,-0.6552915452295114,0
1108,1246752000,-0.665103052881511,0
1109,1246773600,-0.665103052881511,0
1110,1246795200,-0.665103052881511,0
1111,1246816800,-0.665103052881511,0
1112,1246838400,-0.665103052881511,0
1113,1246860000,-0.33999862217764765,0
1114,1246881600,-0.6748955692961367,0
1115,1246903200,-0.33999862217764765,0
1116,1246924800,-0.6748955692961367,0
1117,1246946400,-0.6748955692961367,0
1118,1246968000,-0.6748955692961367,0
1119,1246989600,-0.6748955692961367,0
1120,1247011200,-0.6748955692961367,0
1121,1247032800,-0.6748955692961367,0
1122,1247054400,-0.6748955692961367,0
1123,1247076000,-0.014962652809071388,0
1124,1247097600,-0.014962652809071388,0
1125,1247119200,-0.014962652809071388,0
1126,1247140800,-0.014962652809071388,0
1127,1247162400,-0.014962652809071388,0
1128,1247184000,0.31997537767981044,0
1129,1247205600,-0.014962652809071388,0
1130,1247227200,0.31997537767981044,0
1131,1247248800,0.31997537767981044,0
1132,1247270400,0.31997537767981044,0
1133,1247292000,0.6549544915390833,0
1134,1247313600,0.6549544915390833,0
1135,1247335200,0.6549544915390833,0
1136,1247356800,0.6549544915390833,0
1137,1247378400,0.6549544915390833,0
1138,1247400000,0.6549544915390833,0
1139,1247421600,0.9899746887686334,0
1140,1247443200,0.6549544915390833,0
1141,1247464800,0.9899746887686334,0
1142,1247486400,0.9899746887686334,0
1143,1247508000,0.9899746887686334,0
1144,1247529600,0.9899746887686334,0
1145,1247551200,0.6649387194000571,0
1146,1247572800,0.9899746887686334,0
1147,1247594400,0.6649387194000571,0
1148,1247616000,0.6649387194000571,0
1149,1247637600,0.6649387194000571,0
1150,1247659200,1.0,0
1151,1247680800,0.6748955692961385,0
1152,1247702400,0.6748955692961385,0
1153,1247724000,0.6748955692961385,0
1154,1247745600,0.3497690464592562,0
1155,1247767200,0.3497690464592562,0
1156,1247788800,0.3497690464592562,0
1157,1247810400,0.02458935684071584,0
1158,1247832000,0.02458935684071584,0
1159,1247853600,0.02458935684071584,0
1160,1247875200,0.02458935684071584,0
1161,1247896800,-0.30059664481582793,0
1162,1247918400,-0.30059664481582793,0
1163,1247940000,-0.30059664481582793,0
1164,1247961600,0.3596917208110515,0
1165,1247983200,0.02458935684071584,0
1166,1248004800,0.02458935684071584,0
1167,1248026400,-0.30059664481582793,0
1168,1248048000,0.02458935684071584,0
1169,1248069600,0.02458935684071584,0
1170,1248091200,-0.30059664481582793,0
1171,1248112800,0.02458935684071584,0
1172,1248134400,-0.30059664481582793,0
1173,1248156000,0.02458935684071584,0
1174,1248177600,0.02458935684071584,0
1175,1248199200,-0.30059664481582793,0
1176,1248220800,0.02458935684071584,0
1177,1248242400,-0.6356579254157708,0
1178,1248264000,-0.31047192375922705,0
1179,1248285600,-0.6356579254157708,0
1180,1248307200,-0.31047192375922705,0
1181,1248328800,-0.31047192375922705,0
1182,1248350400,-0.31047192375922705,0
1183,1248372000,-0.6454921209887772,0
1184,1248393600,-0.6454921209887772,0
1185,1248415200,-0.6454921209887772,0
1186,1248436800,-0.6454921209887772,0
1187,1248458400,-0.6454921209887772,0
1188,1248480000,-0.3203124313702368,0
1189,1248501600,-0.6552915452295114,0
1190,1248523200,-0.6552915452295114,0
1191,1248544800,-0.6552915452295114,0
1192,1248566400,-0.6552915452295114,0
1193,1248588000,-0.6552915452295114,0
1194,1248609600,-0.9902295757183914,0
1195,1248631200,-0.9902295757183914,0
1196,1248652800,-0.665103052881511,0
1197,1248674400,-0.665103052881511,0
1198,1248696000,-0.665103052881511,0
1199,1248717600,-0.665103052881511,0
1200,1248739200,-0.665103052881511,0
1201,1248760800,-0.33999862217764765,0
1202,1248782400,-0.6748955692961367,0
1203,1248804000,-0.6748955692961367,0
1204,1248825600,-0.6748955692961367,0
1205,1248847200,-0.6748955692961367,0
1206,1248868800,-0.6748955692961367,0
1207,1248890400,-0.6748955692961367,0
1208,1248912000,-0.6748955692961367,0
1209,1248933600,-0.014962652809071388,0
1210,1248955200,-0.6748955692961367,0
1211,1248976800,-0.014962652809071388,0
1212,1248998400,-0.34985959992756044,0
1213,1249020000,-0.014962652809071388,0
1214,1249041600,-0.014962652809071388,0
1215,1249063200,-0.014962652809071388,0
1216,1249084800,0.31997537767981044,0
1217,1249106400,0.31997537767981044,0
1218,1249128000,0.31997537767981044,0
1219,1249149600,0.31997537767981044,0
1220,1249171200,0.31997537767981044,0
1221,1249192800,0.31997537767981044,0
1222,1249214400,0.6549544915390833,0
1223,1249236000,0.6549544915390833,0
1224,1249257600,0.6549544915390833,0
1225,1249279200,0.6549544915390833,0
1226,1249300800,0.6549544915390833,0
1227,1249322400,0.6549544915390833,0
1228,1249344000,0.6549544915390833,0
1229,1249365600,0.9899746887686334,0
1230,1249387200,0.9899746887686334,0
1231,1249408800,0.9899746887686334,0
1232,1249430400,0.9899746887686334,0
1233,1249452000,0.9899746887686334,0
1234,1249473600,0.9899746887686334,0
1235,1249495200,0.9899746887686334,0
1236,1249516800,0.6649387194000571,0
1237,1249538400,0.6649387194000571,0
1238,1249560000,0.6649387194000571,0
1239,1249581600,1.0,0
1240,1249603200,1.0,0
1241,1249624800,0.6748955692961385,0
1242,1249646400,0.6748955692961385,0
1243,1249668000,0.6748955692961385,0
1244,1249689600,0.6748955692961385,0
1245,1249711200,0.3497690464592562,0
1246,1249732800,0.3497690464592562,0
1247,1249754400,0.3497690464592562,0
1248,1249776000,0.02458935684071584,0
1249,1249797600,0.02458935684071584,0
1250,1249819200,0.02458935684071584,0
1251,1249840800,0.02458935684071584,0
1252,1249862400,0.02458935684071584,0
1253,1249884000,-0.30059664481582793,0
1254,1249905600,0.02458935684071584,0
1255,1249927200,0.02458935684071584,0
1256,1249948800,0.02458935684071584,0
1257,1249970400,0.02458935684071584,0
1258,1249992000,0.02458935684071584,0
1259,1250013600,-0.30059664481582793,0
1260,1250035200,0.02458935684071584,0
1261,1250056800,0.02458935684071584,0
1262,1250078400,0.02458935684071584,0
1263,1250100000,0.02458935684071584,0
1264,1250121600,0.02458935684071584,0
1265,1250143200,0.02458935684071584,0
1266,1250164800,0.02458935684071584,0
1267,1250186400,0.02458935684071584,0
1268,1250208000,-0.31047192375922705,0
1269,1250229600,-0.31047192375922705,0
1270,1250251200,-0.31047192375922705,0
1271,1250272800,-0.31047192375922705,0
1272,1250294400,-0.31047192375922705,0
1273,1250316000,-0.31047192375922705,0
1274,1250337600,-0.6454921209887772,0
1275,1250359200,-0.6454921209887772,0
1276,1250380800,-0.6454921209887772,0
1277,1250402400,-0.6454921209887772,0
1278,1250424000,-0.6454921209887772,0
1279,1250445600,-0.6552915452295114,0
1280,1250467200,-0.6552915452295114,0
1281,1250488800,-0.6552915452295114,0
1282,1250510400,-0.6552915452295114,0
1283,1250532000,-0.6552915452295114,0
1284,1250553600,-0.6552915452295114,0
1285,1250575200,-0.6552915452295114,0
1286,1250596800,-0.665103052881511,0
1287,1250618400,-0.665103052881511,0
1288,1250640000,-0.665103052881511,0
1289,1250661600,-0.665103052881511,0
1290,1250683200,-0.665103052881511,0
1291,1250704800,-0.665103052881511,0
1292,1250726400,-0.6748955692961367,0
1293,1250748000,-0.6748955692961367,0
1294,1250769600,-0.6748955692961367,0
1295,1250791200,-0.6748955692961367,0
1296,1250812800,-0.6748955692961367,0
1297,1250834400,-0.6748955692961367,0
1298,1250856000,-0.014962652809071388,0
1299,1250877600,-0.6748955692961367,0
1300,1250899200,-0.34985959992756044,0
1301,1250920800,-0.34985959992756044,0
1302,1250942400,-0.34985959992756044,0
1303,1250964000,-0.34985959992756044,0
1304,1250985600,-0.014962652809071388,0
1305,1251007200,-0.014962652809071388,0
1306,1251028800,-0.014962652809071388,0
1307,1251050400,-0.014962652809071388,0
1308,1251072000,-0.014962652809071388,0
1309,1251093600,0.31997537767981044,0
1310,1251115200,0.31997537767981044,0
1311,1251136800,0.31997537767981044,0
1312,1251158400,0.31997537767981044,0
1313,1251180000,0.31997537767981044,0
1314,1251201600,0.6549544915390833,0
1315,1251223200,0.6549544915390833,0
1316,1251244800,0.6549544915390833,0
1317,1251266400,0.6549544915390833,0
1318,1251288000,0.6549544915390833,0
1319,1251309600,0.6549544915390833,0
1320,1251331200,0.6549544915390833,0
1321,1251352800,0.9899746887686334,0
1322,1251374400,0.9899746887686334,0
1323,1251396000,0.9899746887686334,0
1324,1251417600,0.9899746887686334,0
1325,1251439200,0.9899746887686334,0
1326,1251460800,0.9899746887686334,0
1327,1251482400,0.9899746887686334,0
1328,1251504000,0.9899746887686334,0
1329,1251525600,0.9899746887686334,0
1330,1251547200,0.9899746887686334,0
1331,1251568800,0.6649387194000571,0
1332,1251590400,0.6649387194000571,0
1333,1251612000,1.0,0
1334,1251633600,0.3398342886961938,0
1335,1251655200,0.6748955692961385,0
1336,1251676800,0.3398342886961938,0
1337,1251698400,0.6748955692961385,0
1338,1251720000,0.6748955692961385,0
1339,1251741600,0.3497690464592562,0
1340,1251763200,0.3497690464592562,0
1341,1251784800,0.3497690464592562,0
1342,1251806400,0.02458935684071584,0
1343,1251828000,0.02458935684071584,0
1344,1251849600,0.02458935684071584,0
1345,1251871200,0.02458935684071584,0
1346,1251892800,0.02458935684071584,0
1347,1251914400,0.02458935684071584,0
1348,1251936000,0.02458935684071584,0
1349,1251957600,0.02458935684071584,0
1350,1251979200,0.02458935684071584,0
1351,1252000800,0.02458935684071584,0
1352,1252022400,0.02458935684071584,0
1353,1252044000,0.02458935684071584,0
1354,1252065600,0.02458935684071584,0
1355,1252087200,0.02458935684071584,0
1356,1252108800,0.02458935684071584,0
1357,1252130400,0.02458935684071584,0
1358,1252152000,-0.31047192375922705,0
1359,1252173600,0.02458935684071584,0
1360,1252195200,-0.31047192375922705,0
1361,1252216800,-0.31047192375922705,0
1362,1252238400,-0.31047192375922705,0
1363,1252260000,-0.31047192375922705,0
1364,1252281600,-0.31047192375922705,0
1365,1252303200,-0.31047192375922705,0
1366,1252324800,-0.6454921209887772,0
1367,1252346400,-0.31047192375922705,0
1368,1252368000,-0.6454921209887772,0
1369,1252389600,-0.6454921209887772,0
1370,1252411200,-0.3203124313702368,0
1371,1252432800,-0.6454921209887772,0
1372,1252454400,-0.6552915452295114,0
1373,1252476000,-0.6552915452295114,0
1374,1252497600,-0.6552915452295114,0
1375,1252519200,-0.6552915452295114,0
1376,1252540800,-0.3301650223926291,0
1377,1252562400,-0.3301650223926291,0
1378,1252584000,-0.665103052881511,0
1379,1252605600,-0.665103052881511,0
1380,1252627200,-0.665103052881511,0
1381,1252648800,-0.665103052881511,0
1382,1252670400,-0.33999862217764765,0
1383,1252692000,-0.33999862217764765,0
1384,1252713600,-0.6748955692961367,0
1385,1252735200,-0.33999862217764765,0
1386,1252756800,-0.6748955692961367,0
1387,1252778400,-0.33999862217764765,0
1388,1252800000,-0.6748955692961367,0
1389,1252821600,-0.6748955692961367,0
1390,1252843200,-0.34985959992756044,0
1391,1252864800,-0.6748955692961367,0
1392,1252886400,-0.34985959992756044,0
1393,1252908000,-0.34985959992756044,0
1394,1252929600,-0.34985959992756044,0
1395,1252951200,-0.34985959992756044,0
1396,1252972800,-0.014962652809071388,0
1397,1252994400,-0.014962652809071388,0
1398,1253016000,-0.014962652809071388,0
1399,1253037600,-0.014962652809071388,0
1400,1253059200,-0.014962652809071388,0
1401,1253080800,-0.014962652809071388,0
1402,1253102400,0.31997537767981044,0
1403,1253124000,0.31997537767981044,0
1404,1253145600,0.31997537767981044,0
1405,1253167200,0.31997537767981044,0
1406,1253188800,0.31997537767981044,0
1407,1253210400,0.31997537767981044,0
1408,1253232000,0.9799841488696543,0
1409,1253253600,0.9799841488696543,0
1410,1253275200,0.6549544915390833,0
1411,1253296800,0.9799841488696543,0
1412,1253318400,0.6549544915390833,0
1413,1253340000,0.6549544915390833,0
1414,1253361600,0.6549544915390833,0
1415,1253383200,0.6549544915390833,0
1416,1253404800,0.9899746887686334,0
1417,1253426400,0.9899746887686334,0
1418,1253448000,0.9899746887686334,0
1419,1253469600,0.9899746887686334,0
1420,1253491200,0.9899746887686334,0
1421,1253512800,0.9899746887686334,0
1422,1253534400,0.9899746887686334,0
1423,1253556000,0.9899746887686334,0
1424,1253577600,0.9899746887686334,0
1425,1253599200,0.6649387194000571,0
1426,1253620800,0.6649387194000571,0
1427,1253642400,0.6649387194000571,0
1428,1253664000,1.0,0
1429,1253685600,0.6748955692961385,0
1430,1253707200,0.6748955692961385,0
1431,1253728800,0.6748955692961385,0
1432,1253750400,0.3497690464592562,0
1433,1253772000,0.3497690464592562,0
1434,1253793600,0.3497690464592562,0
1435,1253815200,0.3497690464592562,0
1436,1253836800,0.02458935684071584,0
1437,1253858400,0.02458935684071584,0
1438,1253880000,0.02458935684071584,0
1439,1253901600,0.02458935684071584,0
1440,1253923200,0.02458935684071584,0
1441,1253944800,0.02458935684071584,0
1442,1253966400,0.02458935684071584,0
1443,1253988000,0.02458935684071584,0
1444,1254009600,0.02458935684071584,0
1445,1254031200,0.02458935684071584,0
1446,1254052800,0.02458935684071584,0
1447,1254074400,0.02458935684071584,0
1448,1254096000,0.02458935684071584,0
1449,1254117600,0.02458935684071584,0
1450,1254139200,0.02458935684071584,0
1451,1254160800,0.02458935684071584,0
1452,1254182400,-0.31047192375922705,0
1453,1254204000,-0.31047192375922705,0
1454,1254225600,-0.31047192375922705,0
1455,1254247200,-0.31047192375922705,0
1456,1254268800,-0.31047192375922705,0
1457,1254290400,-0.31047192375922705,0
1458,1254312000,-0.31047192375922705,0
1459,1254333600,-0.31047192375922705,0
1460,1254355200,-0.6454921209887772,0
1461,1254376800,-0.6454921209887772,0
1462,1254398400,-0.6454921209887772,0
1463,1254420000,-0.6454921209887772,0
1464,1254441600,-0.6454921209887772,0
1465,1254463200,-0.6454921209887772,0
1466,1254484800,-0.6552915452295114,0
1467,1254506400,-0.6552915452295114,0
1468,1254528000,-0.6552915452295114,0
1469,1254549600,-0.6552915452295114,0
1470,1254571200,-0.6552915452295114,0
1471,1254592800,-0.3301650223926291,0
1472,1254614400,-0.665103052881511,0
1473,1254636000,-0.665103052881511,0
1474,1254657600,-0.665103052881511,0
1475,1254679200,-0.665103052881511,0
1476,1254700800,-0.665103052881511,0
1477,1254722400,-0.665103052881511,0
1478,1254744000,-0.665103052881511,0
1479,1254765600,-0.33999862217764765,0
1480,1254787200,-0.6748955692961367,0
1481,1254808800,-0.33999862217764765,0
1482,1254830400,-0.6748955692961367,0
1483,1254852000,-0.6748955692961367,0
1484,1254873600,-0.33999862217764765,0
1485,1254895200,-0.6748955692961367,0
1486,1254916800,-0.6748955692961367,0
1487,1254938400,-0.6748955692961367,0
1488,1254960000,-0.34985959992756044,0
1489,1254981600,-0.014962652809071388,0
1490,1255003200,-0.34985959992756044,0
1491,1255024800,-0.34985959992756044,0
1492,1255046400,-0.014962652809071388,0
1493,1255068000,-0.014962652809071388,0
1494,1255089600,-0.014962652809071388,0
1495,1255111200,0.31997537767981044,0
1496,1255132800,0.31997537767981044,0
1497,1255154400,0.31997537767981044,0
1498,1255176000,0.31997537767981044,0
1499,1255197600,0.31997537767981044,0
1500,1255219200,0.31997537767981044,0
1501,1255240800,0.6549544915390833,0
1502,1255262400,0.6549544915390833,0
1503,1255284000,0.6549544915390833,0
1504,1255305600,0.6549544915390833,0
1505,1255327200,0.6549544915390833,0
1506,1255348800,0.6549544915390833,0
1507,1255370400,0.6549544915390833,0
1508,1255392000,0.9899746887686334,0
1509,1255413600,0.9899746887686334,0
1510,1255435200,0.9899746887686334,0
1511,1255456800,0.9899746887686334,0
1512,1255478400,0.9899746887686334,0
1513,1255500000,0.9899746887686334,0
1514,1255521600,0.9899746887686334,0
1515,1255543200,0.9899746887686334,0
1516,1255564800,0.9899746887686334,0
1517,1255586400,0.6649387194000571,0
1518,1255608000,0.6649387194000571,0
1519,1255629600,1.0,0
1520,1255651200,1.0,0
1521,1255672800,0.6748955692961385,0
1522,1255694400,0.6748955692961385,0
1523,1255716000,0.6748955692961385,0
1524,1255737600,0.6748955692961385,0
1525,1255759200,0.3497690464592562,0
1526,1255780800,0.3497690464592562,0
1527,1255802400,0.3497690464592562,0
1528,1255824000,0.3497690464592562,0
1529,1255845600,0.02458935684071584,0
1530,1255867200,0.02458935684071584,0
1531,1255888800,0.02458935684071584,0
1532,1255910400,0.02458935684071584,0
1533,1255932000,0.02458935684071584,0
1534,1255953600,0.02458935684071584,0
1535,1255975200,0.02458935684071584,0
1536,1255996800,0.02458935684071584,0
1537,1256018400,0.02458935684071584,0
1538,1256040000,0.02458935684071584,0
1539,1256061600,0.02458935684071584,0
1540,1256083200,0.02458935684071584,0
1541,1256104800,0.02458935684071584,0
1542,1256126400,0.02458935684071584,0
1543,1256148000,0.02458935684071584,0
1544,1256169600,0.02458935684071584,0
1545,1256191200,0.02458935684071584,0
1546,1256212800,0.02458935684071584,0
1547,1256234400,0.02458935684071584,0
1548,1256256000,-0.31047192375922705,0
1549,1256277600,-0.31047192375922705,0
1550,1256299200,-0.31047192375922705,0
1551,1256320800,-0.31047192375922705,0
1552,1256342400,-0.31047192375922705,0
1553,1256364000,-0.31047192375922705,0
1554,1256385600,-0.6454921209887772,0
1555,1256407200,-0.6454921209887772,0
1556,1256428800,-0.6454921209887772,0
1557,1256450400,-0.6454921209887772,0
1558,1256472000,-0.6454921209887772,0
1559,1256493600,-0.3203124313702368,0
1560,1256515200,-0.98047123484805,0
1561,1256536800,-0.6552915452295114,0
1562,1256558400,-0.6552915452295114,0
1563,1256580000,-0.6552915452295114,0
1564,1256601600,-0.9902295757183914,0
1565,1256623200,-0.3301650223926291,0
1566,1256644800,-0.9902295757183914,0
1567,1256666400,-0.3301650223926291,0
1568,1256688000,-0.665103052881511,0
1569,1256709600,-0.665103052881511,0
1570,1256731200,-0.665103052881511,0
1571,1256752800,-0.665103052881511,0
1572,1256774400,-0.6748955692961367,0
1573,1256796000,-0.6748955692961367,0
1574,1256817600,-0.6748955692961367,0
1575,1256839200,-0.33999862217764765,0
1576,1256860800,-0.6748955692961367,0
1577,1256882400,-0.6748955692961367,0
1578,1256904000,-0.6748955692961367,0
1579,1256925600,-0.6748955692961367,0
1580,1256947200,-0.014962652809071388,0
1581,1256968800,-0.34985959992756044,0
1582,1256990400,-0.014962652809071388,0
1583,1257012000,-0.014962652809071388,0
1584,1257033600,-0.014962652809071388,0
1585,1257055200,0.31997537767981044,0
1586,1257076800,0.31997537767981044,0
1587,1257098400,0.31997537767981044,0
1588,1257120000,0.31997537767981044,0
1589,1257141600,0.31997537767981044,0
1590,1257163200,0.31997537767981044,0
1591,1257184800,0.6549544915390833,0
1592,1257206400,0.6549544915390833,0
1593,1257228000,0.6549544915390833,0
1594,1257249600,0.6549544915390833,0
1595,1257271200,0.6549544915390833,0
1596,1257292800,0.6549544915390833,0
1597,1257314400,0.6549544915390833,0
1598,1257336000,0.6549544915390833,0
1599,1257357600,0.9899746887686334,0
1600,1257379200,0.9899746887686334,0
1601,1257400800,0.9899746887686334,0
1602,1257422400,0.9899746887686334,0
1603,1257444000,0.9899746887686334,0
1604,1257465600,0.9899746887686334,0
1605,1257487200,0.6649387194000571,0
1606,1257508800,0.6649387194000571,0
1607,1257530400,0.6649387194000571,0
1608,1257552000,0.6649387194000571,0
1609,1257573600,1.0,0
1610,1257595200,1.0,0
1611,1257616800,0.6748955692961385,0
1612,1257638400,0.6748955692961385,0
1613,1257660000,0.6748955692961385,0
1614,1257681600,0.3497690464592562,0
1615,1257703200,0.3497690464592562,0
1616,1257724800,0.02458935684071584,0
1617,1257746400,0.02458935684071584,0
1618,1257768000,0.02458935684071584,0
1619,1257789600,0.02458935684071584,0
1620,1257811200,0.02458935684071584,0
1621,1257832800,-0.30059664481582793,0
1622,1257854400,0.02458935684071584,0
1623,1257876000,-0.30059664481582793,0
1624,1257897600,0.02458935684071584,0
1625,1257919200,0.02458935684071584,0
1626,1257940800,0.02458935684071584,0
1627,1257962400,0.02458935684071584,0
1628,1257984000,0.02458935684071584,0
1629,1258005600,0.02458935684071584,0
1630,1258027200,0.02458935684071584,0
1631,1258048800,0.02458935684071584,0
1632,1258070400,0.02458935684071584,0
1633,1258092000,0.02458935684071584,0
1634,1258113600,0.02458935684071584,0
1635,1258135200,0.02458935684071584,0
1636,1258156800,-0.6356579254157708,0
1637,1258178400,-0.6356579254157708,0
1638,1258200000,-0.6356579254157708,0
1639,1258221600,-0.6356579254157708,0
1640,1258243200,-0.6356579254157708,0
1641,1258264800,-0.6356579254157708,0
1642,1258286400,-0.31047192375922705,0
1643,1258308000,-0.6454921209887772,0
1644,1258329600,-0.6454921209887772,0
1645,1258351200,-0.6454921209887772,0
1646,1258372800,-0.6454921209887772,0
1647,1258394400,-0.6454921209887772,0
1648,1258416000,-0.6454921209887772,0
1649,1258437600,-0.3203124313702368,0
1650,1258459200,-0.6552915452295114,0
1651,1258480800,-0.6552915452295114,0
1652,1258502400,-0.6552915452295114,0
1653,1258524000,-0.6552915452295114,0
1654,1258545600,-0.6552915452295114,0
1655,1258567200,-0.665103052881511,0
1656,1258588800,-0.665103052881511,0
1657,1258610400,-0.665103052881511,0
1658,1258632000,-0.665103052881511,0
1659,1258653600,-0.665103052881511,0
1660,1258675200,-0.665103052881511,0
1661,1258696800,-0.665103052881511,0
1662,1258718400,-0.33999862217764765,0
1663,1258740000,-0.6748955692961367,0
1664,1258761600,-0.6748955692961367,0
1665,1258783200,-0.6748955692961367,0
1666,1258804800,-0.6748955692961367,0
1667,1258826400,-0.6748955692961367,0
1668,1258848000,-0.6748955692961367,0
1669,1258869600,0.31997537767981044,0
1670,1258891200,0.31997537767981044,0
1671,1258912800,0.31997537767981044,0
1672,1258934400,0.31997537767981044,0
1673,1258956000,0.31997537767981044,0
1674,1258977600,0.31997537767981044,0
1675,1258999200,0.31997537767981044,0
1676,1259020800,0.31997537767981044,0
1677,1259042400,0.31997537767981044,0
1678,1259064000,0.31997537767981044,0
1679,1259085600,0.31997537767981044,0
1680,1259107200,0.31997537767981044,0
1681,1259128800,0.31997537767981044,0
1682,1259150400,0.31997537767981044,0
1683,1259172000,0.31997537767981044,0
1684,1259193600,0.31997537767981044,0
1685,1259215200,0.6549544915390833,0
1686,1259236800,0.9899746887686334,0
1687,1259258400,0.9899746887686334,0
1688,1259280000,0.9899746887686334,0
1689,1259301600,0.9899746887686334,0
1690,1259323200,0.9899746887686334,0
1691,1259344800,0.9899746887686334,0
1692,1259366400,0.9899746887686334,0
1693,1259388000,0.9899746887686334,0
1694,1259409600,0.6649387194000571,0
1695,1259431200,0.6649387194000571,0
1696,1259452800,0.6649387194000571,0
1697,1259474400,1.0,0
1698,1259496000,0.6649387194000571,0
1699,1259517600,1.0,0
1700,1259539200,0.6748955692961385,0
1701,1259560800,0.6748955692961385,0
1702,1259582400,0.6748955692961385,0
1703,1259604000,0.3497690464592562,0
1704,1259625600,0.3497690464592562,0
1705,1259647200,0.3497690464592562,0
1706,1259668800,0.02458935684071584,0
1707,1259690400,0.02458935684071584,0
1708,1259712000,0.02458935684071584,0
1709,1259733600,0.02458935684071584,0
1710,1259755200,0.02458935684071584,0
1711,1259776800,0.02458935684071584,0
1712,1259798400,0.02458935684071584,0
1713,1259820000,0.02458935684071584,0
1714,1259841600,0.02458935684071584,0
1715,1259863200,0.02458935684071584,0
1716,1259884800,0.02458935684071584,0
1717,1259906400,0.02458935684071584,0
1718,1259928000,0.02458935684071584,0
1719,1259949600,-0.30059664481582793,0
1720,1259971200,0.02458935684071584,0
1721,1259992800,-0.30059664481582793,0
1722,1260014400,-0.6356579254157708,0
1723,1260036000,-0.6356579254157708,0
1724,1260057600,-0.6356579254157708,0
1725,1260079200,-0.6356579254157708,0
1726,1260100800,-0.31047192375922705,0
1727,1260122400,-0.31047192375922705,0
1728,1260144000,-0.6454921209887772,0
1729,1260165600,-0.6454921209887772,0
1730,1260187200,-0.6454921209887772,0
1731,1260208800,-0.6454921209887772,0
1732,1260230400,-0.6454921209887772,0
1733,1260252000,-0.6454921209887772,0
1734,1260273600,-0.6552915452295114,0
1735,1260295200,-0.6552915452295114,0
1736,1260316800,-0.6552915452295114,0
1737,1260338400,-0.6552915452295114,0
1738,1260360000,-0.6552915452295114,0
1739,1260381600,-0.3301650223926291,0
1740,1260403200,-0.9902295757183914,0
1741,1260424800,-0.665103052881511,0
1742,1260446400,-0.665103052881511,0
1743,1260468000,-0.665103052881511,0
1744,1260489600,-0.665103052881511,0
1745,1260511200,-0.665103052881511,0
1746,1260532800,-0.6748955692961367,0
1747,1260554400,-0.6748955692961367,0
1748,1260576000,-0.6748955692961367,0
1749,1260597600,-0.6748955692961367,0
1750,1260619200,-0.6748955692961367,0
1751,1260640800,-0.6748955692961367,0
1752,1260662400,-0.6748955692961367,0
1753,1260684000,-0.6748955692961367,0
1754,1260705600,-0.6748955692961367,0
1755,1260727200,-0.6748955692961367,0
1756,1260748800,-0.33999862217764765,0
1757,1260770400,-0.014962652809071388,0
1758,1260792000,-0.014962652809071388,0
1759,1260813600,-0.014962652809071388,0
1760,1260835200,0.31997537767981044,0
1761,1260856800,-0.014962652809071388,0
1762,1260878400,0.31997537767981044,0
1763,1260900000,0.31997537767981044,0
1764,1260921600,0.31997537767981044,0
1765,1260943200,0.6549544915390833,0
1766,1260964800,0.6549544915390833,0
1767,1260986400,0.6549544915390833,0
1768,1261008000,0.6549544915390833,0
1769,1261029600,0.6549544915390833,0
1770,1261051200,0.6549544915390833,0
1771,1261072800,0.9899746887686334,0
1772,1261094400,0.9899746887686334,0
1773,1261116000,0.9899746887686334,0
1774,1261137600,0.9899746887686334,0
1775,1261159200,0.9899746887686334,0
1776,1261180800,0.9899746887686334,0
1777,1261202400,0.9899746887686334,0
1778,1261224000,0.9899746887686334,0
1779,1261245600,0.6649387194000571,0
1780,1261267200,0.6649387194000571,0
1781,1261288800,0.6649387194000571,0
1782,1261310400,1.0,0
1783,1261332000,1.0,0
1784,1261353600,0.6748955692961385,0
1785,1261375200,0.6748955692961385,0
1786,1261396800,0.6748955692961385,0
1787,1261418400,0.6748955692961385,0
1788,1261440000,0.3497690464592562,0
1789,1261461600,0.3497690464592562,0
1790,1261483200,0.3497690464592562,0
1791,1261504800,0.02458935684071584,0
1792,1261526400,0.02458935684071584,0
1793,1261548000,0.02458935684071584,0
1794,1261569600,0.02458935684071584,0
1795,1261591200,0.02458935684071584,0
1796,1261612800,0.02458935684071584,0
1797,1261634400,0.02458935684071584,0
1798,1261656000,0.02458935684071584,0
1799,1261677600,0.02458935684071584,0
1800,1261699200,0.02458935684071584,0
1801,1261720800,0.02458935684071584,0
1802,1261742400,-0.30059664481582793,0
1803,1261764000,0.3596917208110515,0
1804,1261785600,0.02458935684071584,0
1805,1261807200,0.02458935684071584,0
1806,1261828800,0.02458935684071584,0
1807,1261850400,0.02458935684071584,0
1808,1261872000,0.02458935684071584,0
1809,1261893600,0.02458935684071584,0
1810,1261915200,0.02458935684071584,0
1811,1261936800,-0.6356579254157708,0
1812,1261958400,-0.6356579254157708,0
1813,1261980000,0.02458935684071584,0
1814,1262001600,-0.31047192375922705,0
1815,1262023200,-0.31047192375922705,0
1816,1262044800,-0.31047192375922705,0
1817,1262066400,-0.31047192375922705,0
1818,1262088000,-0.31047192375922705,0
1819,1262109600,-0.31047192375922705,0
1820,1262131200,-0.6454921209887772,0
1821,1262152800,-0.6454921209887772,0
1822,1262174400,-0.6454921209887772,0
1823,1262196000,-0.3203124313702368,0
1824,1262217600,-0.6552915452295114,0
1825,1262239200,-0.6552915452295114,0
1826,1262260800,-0.6552915452295114,0
1827,1262282400,-0.6552915452295114,0
1828,1262304000,-0.6552915452295114,0
1829,1262325600,-0.3301650223926291,0
1830,1262347200,-0.665103052881511,0
1831,1262368800,-0.665103052881511,0
1832,1262390400,-0.665103052881511,0
1833,1262412000,-0.665103052881511,0
1834,1262433600,-0.665103052881511,0
1835,1262455200,-0.665103052881511,0
1836,1262476800,-0.33999862217764765,0
1837,1262498400,-0.6748955692961367,0
1838,1262520000,-0.33999862217764765,0
1839,1262541600,-0.6748955692961367,0
1840,1262563200,-0.6748955692961367,0
1841,1262584800,-0.6748955692961367,0
1842,1262606400,-0.6748955692961367,0
1843,1262628000,-0.6748955692961367,0
1844,1262649600,-0.6748955692961367,0
1845,1262671200,-0.34985959992756044,0
1846,1262692800,-0.34985959992756044,0
1847,1262714400,-0.014962652809071388,0
1848,1262736000,-0.014962652809071388,0
1849,1262757600,-0.014962652809071388,0
1850,1262779200,-0.014962652809071388,0
1851,1262800800,-0.014962652809071388,0
1852,1262822400,0.31997537767981044,0
1853,1262844000,0.31997537767981044,0
1854,1262865600,0.31997537767981044,0
1855,1262887200,0.31997537767981044,0
1856,1262908800,0.31997537767981044,0
1857,1262930400,0.6549544915390833,0
1858,1262952000,0.6549544915390833,0
1859,1262973600,0.6549544915390833,0
1860,1262995200,0.6549544915390833,0
1861,1263016800,0.6549544915390833,0
1862,1263038400,0.6549544915390833,0
1863,1263060000,0.6549544915390833,0
1864,1263081600,0.9899746887686334,0
1865,1263103200,0.9899746887686334,0
1866,1263124800,0.9899746887686334,0
1867,1263146400,0.9899746887686334,0
1868,1263168000,0.9899746887686334,0
1869,1263189600,0.9899746887686334,0
1870,1263211200,0.9899746887686334,0
1871,1263232800,0.9899746887686334,0
1872,1263254400,0.6649387194000571,0
1873,1263276000,0.6649387194000571,0
1874,1263297600,0.6649387194000571,0
1875,1263319200,1.0,0
1876,1263340800,1.0,0
1877,1263362400,0.6748955692961385,0
1878,1263384000,0.3398342886961938,0
1879,1263405600,0.6748955692961385,0
1880,1263427200,0.6748955692961385,0
1881,1263448800,0.3497690464592562,0
1882,1263470400,0.3497690464592562,0
1883,1263492000,0.3497690464592562,0
1884,1263513600,0.02458935684071584,0
1885,1263535200,0.02458935684071584,0
1886,1263556800,0.02458935684071584,0
1887,1263578400,0.02458935684071584,0
1888,1263600000,0.02458935684071584,0
1889,1263621600,0.02458935684071584,0
1890,1263643200,-0.30059664481582793,0
1891,1263664800,0.02458935684071584,0
1892,1263686400,0.02458935684071584,0
1893,1263708000,0.02458935684071584,0
1894,1263729600,0.02458935684071584,0
1895,1263751200,0.02458935684071584,0
1896,1263772800,0.02458935684071584,0
1897,1263794400,0.02458935684071584,0
1898,1263816000,0.02458935684071584,0
1899,1263837600,0.02458935684071584,0
1900,1263859200,0.02458935684071584,0
1901,1263880800,0.02458935684071584,0
1902,1263902400,0.02458935684071584,0
1903,1263924000,0.02458935684071584,0
1904,1263945600,-0.30059664481582793,0
1905,1263967200,-0.31047192375922705,0
1906,1263988800,-0.31047192375922705,0
1907,1264010400,-0.31047192375922705,0
1908,1264032000,-0.31047192375922705,0
1909,1264053600,-0.31047192375922705,0
1910,1264075200,-0.31047192375922705,0
1911,1264096800,-0.6454921209887772,0
1912,1264118400,-0.31047192375922705,0
1913,1264140000,-0.6454921209887772,0
1914,1264161600,-0.6454921209887772,0
1915,1264183200,-0.6454921209887772,0
1916,1264204800,-0.3203124313702368,0
1917,1264226400,-0.6552915452295114,0
1918,1264248000,-0.6552915452295114,0
1919,1264269600,-0.6552915452295114,0
1920,1264291200,-0.6552915452295114,0
1921,1264312800,-0.3301650223926291,0
1922,1264334400,-0.665103052881511,0
1923,1264356000,-0.665103052881511,0
1924,1264377600,-0.665103052881511,0
1925,1264399200,-0.665103052881511,0
1926,1264420800,-0.665103052881511,0
1927,1264442400,-0.665103052881511,0
1928,1264464000,-0.33999862217764765,0
1929,1264485600,-0.6748955692961367,0
1930,1264507200,-0.6748955692961367,0
1931,1264528800,-0.33999862217764765,0
1932,1264550400,-0.6748955692961367,0
1933,1264572000,-0.6748955692961367,0
1934,1264593600,-0.6748955692961367,0
1935,1264615200,-0.6748955692961367,0
1936,1264636800,-0.6748955692961367,0
1937,1264658400,-0.6748955692961367,0
1938,1264680000,-0.34985959992756044,0
1939,1264701600,-0.34985959992756044,0
1940,1264723200,-0.014962652809071388,0
1941,1264744800,-0.33999862217764765,0
1942,1264766400,-0.014962652809071388,0
1943,1264788000,-0.014962652809071388,0
1944,1264809600,-0.014962652809071388,0
1945,1264831200,0.31997537767981044,0
1946,1264852800,0.31997537767981044,0
1947,1264874400,0.31997537767981044,0
1948,1264896000,0.31997537767981044,0
1949,1264917600,0.31997537767981044,0
1950,1264939200,0.6549544915390833,0
1951,1264960800,0.6549544915390833,0
1952,1264982400,0.6549544915390833,0
1953,1265004000,0.6549544915390833,0
1954,1265025600,0.6549544915390833,0
1955,1265047200,0.6549544915390833,0
1956,1265068800,0.6549544915390833,0
1957,1265090400,0.9899746887686334,0
1958,1265112000,0.6549544915390833,0
1959,1265133600,0.9899746887686334,0
1960,1265155200,0.9899746887686334,0
1961,1265176800,0.9899746887686334,0
1962,1265198400,0.9899746887686334,0
1963,1265220000,0.9899746887686334,0
1964,1265241600,0.6649387194000571,0
1965,1265263200,0.6649387194000571,0
1966,1265284800,1.0,0
1967,1265306400,1.0,0
1968,1265328000,1.0,0
1969,1265349600,0.6748955692961385,0
1970,1265371200,0.6748955692961385,0
1971,1265392800,0.6748955692961385,0
1972,1265414400,0.6748955692961385,0
1973,1265436000,0.3497690464592562,0
1974,1265457600,0.3497690464592562,0
1975,1265479200,0.3497690464592562,0
1976,1265500800,0.3497690464592562,0
1977,1265522400,0.02458935684071584,0
1978,1265544000,0.02458935684071584,0
1979,1265565600,0.02458935684071584,0
1980,1265587200,0.02458935684071584,0
1981,1265608800,0.02458935684071584,0
1982,1265630400,0.02458935684071584,0
1983,1265652000,0.02458935684071584,0
1984,1265673600,0.02458935684071584,0
1985,1265695200,0.02458935684071584,0
1986,1265716800,0.02458935684071584,0
1987,1265738400,0.02458935684071584,0
1988,1265760000,0.02458935684071584,0
1989,1265781600,0.02458935684071584,0
1990,1265803200,0.02458935684071584,0
1991,1265824800,0.02458935684071584,0
1992,1265846400,0.02458935684071584,0
1993,1265868000,0.02458935684071584,0
1994,1265889600,0.02458935684071584,0
1995,1265911200,0.02458935684071584,0
1996,1265932800,0.02458935684071584,0
1997,1265954400,-0.31047192375922705,0
1998,1265976000,-0.31047192375922705,0
1999,1265997600,-0.31047192375922705,0
2000,1266019200,-0.31047192375922705,0
2001,1266040800,-0.31047192375922705,0
2002,1266062400,-0.31047192375922705,0
2003,1266084000,-0.6454921209887772,0
2004,1266105600,-0.6454921209887772,0
2005,1266127200,-0.6454921209887772,0
2006,1266148800,-0.3203124313702368,0
2007,1266170400,-0.6454921209887772,0
2008,1266192000,-0.3203124313702368,0
2009,1266213600,-0.6552915452295114,0
2010,1266235200,-0.6552915452295114,0
2011,1266256800,-0.6552915452295114,0
2012,1266278400,-0.6552915452295114,0
2013,1266300000,-0.6552915452295114,0
2014,1266321600,-0.3301650223926291,0
2015,1266343200,-0.665103052881511,0
2016,1266364800,-0.665103052881511,0
2017,1266386400,-0.665103052881511,0
2018,1266408000,-0.665103052881511,0
2019,1266429600,-0.665103052881511,0
2020,1266451200,-0.33999862217764765,0
2021,1266472800,-0.6748955692961367,0
2022,1266494400,-0.6748955692961367,0
2023,1266516000,-0.6748955692961367,0
2024,1266537600,-0.6748955692961367,0
2025,1266559200,-0.33999862217764765,0
2026,1266580800,-0.6748955692961367,0
2027,1266602400,-0.014962652809071388,0
2028,1266624000,-0.6748955692961367,0
2029,1266645600,-0.34985959992756044,0
2030,1266667200,-0.34985959992756044,0
2031,1266688800,-0.34985959992756044,0
2032,1266710400,-0.014962652809071388,0
2033,1266732000,-0.014962652809071388,0
2034,1266753600,-0.014962652809071388,0
2035,1266775200,-0.014962652809071388,0
2036,1266796800,-0.014962652809071388,0
2037,1266818400,0.31997537767981044,0
2038,1266840000,0.31997537767981044,0
2039,1266861600,0.31997537767981044,0
2040,1266883200,0.31997537767981044,0
2041,1266904800,0.31997537767981044,0
2042,1266926400,0.31997537767981044,0
2043,1266948000,0.31997537767981044,0
2044,1266969600,0.6549544915390833,0
2045,1266991200,0.6549544915390833,0
2046,1267012800,0.6549544915390833,0
2047,1267034400,0.6549544915390833,0
2048,1267056000,0.6549544915390833,0
2049,1267077600,0.6549544915390833,0
2050,1267099200,0.9799841488696543,0
2051,1267120800,0.9899746887686334,0
2052,1267142400,0.9899746887686334,0
2053,1267164000,0.9899746887686334,0
2054,1267185600,0.9899746887686334,0
2055,1267207200,0.9899746887686334,0
2056,1267228800,0.9899746887686334,0
2057,1267250400,0.9899746887686334,0
2058,1267272000,0.9899746887686334,0
2059,1267293600,0.9899746887686334,0
2060,1267315200,0.6649387194000571,0
2061,1267336800,0.6649387194000571,0
2062,1267358400,1.0,0
2063,1267380000,1.0,0
2064,1267401600,0.6748955692961385,0
2065,1267423200,0.6748955692961385,0
2066,1267444800,0.6748955692961385,0
2067,1267466400,0.6748955692961385,0
2068,1267488000,0.3497690464592562,0
2069,1267509600,0.3497690464592562,0
2070,1267531200,0.3497690464592562,0
2071,1267552800,0.02458935684071584,0
2072,1267574400,0.02458935684071584,0
2073,1267596000,0.02458935684071584,0
2074,1267617600,0.02458935684071584,0
2075,1267639200,0.02458935684071584,0
2076,1267660800,0.02458935684071584,0
2077,1267682400,0.02458935684071584,0
2078,1267704000,0.02458935684071584,0
2079,1267725600,0.02458935684071584,0
2080,1267747200,0.02458935684071584,0
2081,1267768800,0.02458935684071584,0
2082,1267790400,0.02458935684071584,0
2083,1267812000,0.02458935684071584,0
2084,1267833600,0.02458935684071584,0
2085,1267855200,0.02458935684071584,0
2086,1267876800,0.02458935684071584,0
2087,1267898400,-0.31047192375922705,0
2088,1267920000,0.02458935684071584,0
2089,1267941600,-0.31047192375922705,0
2090,1267963200,-0.31047192375922705,0
2091,1267984800,-0.31047192375922705,0
2092,1268006400,-0.31047192375922705,0
2093,1268028000,-0.31047192375922705,0
2094,1268049600,-0.31047192375922705,0
2095,1268071200,-0.31047192375922705,0
2096,1268092800,-0.6454921209887772,0
2097,1268114400,-0.31047192375922705,0
2098,1268136000,-0.6454921209887772,0
2099,1268157600,-0.6454921209887772,0
2100,1268179200,-0.3203124313702368,0
2101,1268200800,-0.3203124313702368,0
2102,1268222400,-0.6552915452295114,0
2103,1268244000,-0.3203124313702368,0
2104,1268265600,-0.6552915452295114,0
2105,1268287200,-0.6552915452295114,0
2106,1268308800,-0.6552915452295114,0
2107,1268330400,-0.665103052881511,0
2108,1268352000,-0.665103052881511,0
2109,1268373600,-0.665103052881511,0
2110,1268395200,-0.665103052881511,0
2111,1268416800,-0.33999862217764765,0
2112,1268438400,-0.33999862217764765,0
2113,1268460000,-0.6748955692961367,0
2114,1268481600,-0.6748955692961367,0
2115,1268503200,-0.6748955692961367,0
2116,1268524800,-0.6748955692961367,0
2117,1268546400,-0.6748955692961367,0
2118,1268568000,-0.6748955692961367,0
2119,1268589600,-0.6748955692961367,0
2120,1268611200,-0.6748955692961367,0
2121,1268632800,-0.34985959992756044,0
2122,1268654400,-0.34985959992756044,0
2123,1268676000,-0.014962652809071388,0
2124,1268697600,-0.014962652809071388,0
2125,1268719200,-0.014962652809071388,0
2126,1268740800,-0.014962652809071388,0
2127,1268762400,-0.014962652809071388,0
2128,1268784000,-0.014962652809071388,0
2129,1268805600,0.31997537767981044,0
2130,1268827200,0.31997537767981044,0
2131,1268848800,0.31997537767981044,0
2132,1268870400,0.31997537767981044,0
2133,1268892000,0.31997537767981044,0
2134,1268913600,0.6549544915390833,0
2135,1268935200,0.6549544915390833,0
2136,1268956800,0.6549544915390833,0
2137,1268978400,0.6549544915390833,0
2138,1269000000,0.6549544915390833,0
2139,1269021600,0.6549544915390833,0
2140,1269043200,0.6549544915390833,0
2141,1269064800,0.9899746887686334,0
2142,1269086400,0.9899746887686334,0
2143,1269108000,0.9899746887686334,0
2144,1269129600,0.9899746887686334,0
2145,1269151200,0.9899746887686334,0
2146,1269172800,0.9899746887686334,0
2147,1269194400,0.9899746887686334,0
2148,1269216000,0.6649387194000571,0
2149,1269237600,0.6649387194000571,0
2150,1269259200,0.6649387194000571,0
2151,1269280800,0.6649387194000571,0
2152,1269302400,1.0,0
2153,1269324000,1.0,0
2154,1269345600,0.6748955692961385,0
2155,1269367200,0.6748955692961385,0
2156,1269388800,0.6748955692961385,0
2157,1269410400,0.3497690464592562,0
2158,1269432000,0.3497690464592562,0
2159,1269453600,0.3497690464592562,0
2160,1269475200,0.3497690464592562,0
2161,1269496800,0.02458935684071584,0
2162,1269518400,0.02458935684071584,0
2163,1269540000,0.02458935684071584,0
2164,1269561600,0.02458935684071584,0
2165,1269583200,-0.30059664481582793,0
2166,1269604800,0.02458935684071584,0
2167,1269626400,0.02458935684071584,0
2168,1269648000,0.02458935684071584,0
2169,1269669600,0.02458935684071584,0
2170,1269691200,0.02458935684071584,0
2171,1269712800,0.02458935684071584,0
2172,1269734400,0.02458935684071584,0
2173,1269756000,0.02458935684071584,0
2174,1269777600,0.02458935684071584,0
2175,1269799200,0.02458935684071584,0
2176,1269820800,0.02458935684071584,0
2177,1269842400,0.02458935684071584,0
2178,1269864000,0.02458935684071584,0
2179,1269885600,0.02458935684071584,0
2180,1269907200,-0.6356579254157708,0
2181,1269928800,-0.6356579254157708,0
2182,1269950400,0.02458935684071584,0
2183,1269972000,-0.6356579254157708,0
2184,1269993600,-0.6356579254157708,0
2185,1270015200,-0.31047192375922705,0
2186,1270036800,-0.31047192375922705,0
2187,1270058400,-0.31047192375922705,0
2188,1270080000,-0.6454921209887772,0
2189,1270101600,-0.6454921209887772,0
2190,1270123200,-0.6454921209887772,0
2191,1270144800,-0.6454921209887772,0
2192,1270166400,-0.6454921209887772,0
2193,1270188000,-0.6552915452295114,0
2194,1270209600,-0.6552915452295114,0
2195,1270231200,-0.6552915452295114,0
2196,1270252800,-0.6552915452295114,0
2197,1270274400,-0.9902295757183914,0
2198,1270296000,-0.3301650223926291,0
2199,1270317600,-0.665103052881511,0
2200,1270339200,-0.665103052881511,0
2201,1270360800,-0.665103052881511,0
2202,1270382400,-0.665103052881511,0
2203,1270404000,-0.665103052881511,0
2204,1270425600,-0.665103052881511,0
2205,1270447200,-0.665103052881511,0
2206,1270468800,-0.33999862217764765,0
2207,1270490400,-0.6748955692961367,0
2208,1270512000,-0.6748955692961367,0
2209,1270533600,-0.6748955692961367,0
2210,1270555200,-0.6748955692961367,0
2211,1270576800,-0.33999862217764765,0
2212,1270598400,-0.6748955692961367,0
2213,1270620000,-0.6748955692961367,0
2214,1270641600,-0.014962652809071388,0
2215,1270663200,-0.014962652809071388,0
2216,1270684800,-0.014962652809071388,0
2217,1270706400,-0.014962652809071388,0
2218,1270728000,0.31997537767981044,0
2219,1270749600,-0.014962652809071388,0
2220,1270771200,0.31997537767981044,0
2221,1270792800,0.31997537767981044,0
2222,1270814400,0.31997537767981044,0
2223,1270836000,0.31997537767981044,0
2224,1270857600,0.31997537767981044,0
2225,1270879200,0.6549544915390833,0
2226,1270900800,0.6549544915390833,0
2227,1270922400,0.6549544915390833,0
2228,1270944000,0.6549544915390833,0
2229,1270965600,0.6549544915390833,0
2230,1270987200,0.6549544915390833,0
2231,1271008800,0.9899746887686334,0
2232,1271030400,0.9899746887686334,0
2233,1271052000,0.9899746887686334,0
2234,1271073600,0.9899746887686334,0
2235,1271095200,0.9899746887686334,0
2236,1271116800,0.9899746887686334,0
2237,1271138400,0.6649387194000571,0
2238,1271160000,0.6649387194000571,0
2239,1271181600,0.6649387194000571,0
2240,1271203200,0.6649387194000571,0
2241,1271224800,1.0,0
2242,1271246400,1.0,0
2243,1271268000,0.6748955692961385,0
2244,1271289600,0.6748955692961385,0
2245,1271311200,0.6748955692961385,0
2246,1271332800,0.6748955692961385,0
2247,1271354400,0.3497690464592562,0
2248,1271376000,0.3497690464592562,0
2249,1271397600,0.3497690464592562,0
2250,1271419200,0.3497690464592562,0
2251,1271440800,0.3497690464592562,0
2252,1271462400,0.02458935684071584,0
2253,1271484000,0.02458935684071584,0
2254,1271505600,0.02458935684071584,0
2255,1271527200,0.02458935684071584,0
2256,1271548800,-0.30059664481582793,0
2257,1271570400,-0.30059664481582793,0
2258,1271592000,-0.30059664481582793,0
2259,1271613600,-0.30059664481582793,0
2260,1271635200,-0.30059664481582793,0
2261,1271656800,-0.30059664481582793,0
2262,1271678400,-0.30059664481582793,0
2263,1271700000,0.3596917208110515,0
2264,1271721600,0.02458935684071584,0
2265,1271743200,-0.30059664481582793,0
2266,1271764800,0.02458935684071584,0
2267,1271786400,-0.30059664481582793,0
2268,1271808000,-0.30059664481582793,0
2269,1271829600,0.02458935684071584,0
2270,1271851200,-0.30059664481582793,0
2271,1271872800,-0.30059664481582793,0
2272,1271894400,-0.6356579254157708,0
2273,1271916000,-0.6356579254157708,0
2274,1271937600,-0.6356579254157708,0
2275,1271959200,-0.31047192375922705,0
2276,1271980800,-0.6356579254157708,0
2277,1272002400,-0.31047192375922705,0
2278,1272024000,-0.6356579254157708,0
2279,1272045600,-0.6454921209887772,0
2280,1272067200,-0.6454921209887772,0
2281,1272088800,-0.6454921209887772,0
2282,1272110400,-0.6454921209887772,0
2283,1272132000,-0.6454921209887772,0
2284,1272153600,-0.6454921209887772,0
2285,1272175200,-0.98047123484805,0
2286,1272196800,-0.6552915452295114,0
2287,1272218400,-0.6552915452295114,0
2288,1272240000,-0.6552915452295114,0
2289,1272261600,-0.6552915452295114,0
2290,1272283200,-0.665103052881511,0
2291,1272304800,-0.665103052881511,0
2292,1272326400,-0.3301650223926291,0
2293,1272348000,-0.665103052881511,0
2294,1272369600,-0.665103052881511,0
2295,1272391200,-0.665103052881511,0
2296,1272412800,-0.665103052881511,0
2297,1272434400,-0.665103052881511,0
2298,1272456000,-0.6748955692961367,0
2299,1272477600,-0.6748955692961367,0
2300,1272499200,-0.33999862217764765,0
2301,1272520800,-0.6748955692961367,0
2302,1272542400,-0.6748955692961367,0
2303,1272564000,-0.6748955692961367,0
2304,1272585600,-0.6748955692961367,0
2305,1272607200,-0.6748955692961367,0
2306,1272628800,-0.014962652809071388,0
2307,1272650400,-0.014962652809071388,0
2308,1272672000,-0.33999862217764765,0
2309,1272693600,-0.014962652809071388,0
2310,1272715200,0.31997537767981044,0
2311,1272736800,0.31997537767981044,0
2312,1272758400,0.31997537767981044,0
2313,1272780000,0.31997537767981044,0
2314,1272801600,0.31997537767981044,0
2315,1272823200,0.31997537767981044,0
2316,1272844800,0.31997537767981044,0
2317,1272866400,0.6549544915390833,0
2318,1272888000,0.31997537767981044,0
2319,1272909600,0.6549544915390833,0
2320,1272931200,0.6549544915390833,0
2321,1272952800,0.6549544915390833,0
2322,1272974400,0.6549544915390833,0
2323,1272996000,0.9899746887686334,0
2324,1273017600,0.9899746887686334,0
2325,1273039200,0.9899746887686334,0
2326,1273060800,0.9899746887686334,0
2327,1273082400,0.9899746887686334,0
2328,1273104000,0.9899746887686334,0
2329,1273125600,0.9899746887686334,0
2330,1273147200,0.9899746887686334,0
2331,1273168800,0.6649387194000571,0
2332,1273190400,0.9899746887686334,0
2333,1273212000,1.0,0
2334,1273233600,1.0,0
2335,1273255200,1.0,0
2336,1273276800,1.0,0
2337,1273298400,1.0,0
2338,1273320000,0.6748955692961385,0
2339,1273341600,0.6748955692961385,0
2340,1273363200,0.6748955692961385,0
2341,1273384800,0.6748955692961385,0
2342,1273406400,0.3497690464592562,0
2343,1273428000,0.3497690464592562,0
2344,1273449600,0.3497690464592562,0
2345,1273471200,0.3497690464592562,0
2346,1273492800,0.02458935684071584,0
2347,1273514400,0.02458935684071584,0
2348,1273536000,0.02458935684071584,0
2349,1273557600,0.02458935684071584,0
2350,1273579200,-0.30059664481582793,0
2351,1273600800,-0.30059664481582793,0
2352,1273622400,-0.30059664481582793,0
2353,1273644000,-0.30059664481582793,0
2354,1273665600,-0.30059664481582793,0
2355,1273687200,-0.30059664481582793,0
2356,1273708800,0.3596917208110515,0
2357,1273730400,-0.30059664481582793,0
2358,1273752000,0.3596917208110515,0
2359,1273773600,0.3596917208110515,0
2360,1273795200,0.02458935684071584,0
2361,1273816800,0.02458935684071584,0
2362,1273838400,0.3596917208110515,0
2363,1273860000,0.02458935684071584,0
2364,1273881600,-0.30059664481582793,0
2365,1273903200,-0.30059664481582793,0
2366,1273924800,-0.30059664481582793,0
2367,1273946400,-0.30059664481582793,0
2368,1273968000,-0.6356579254157708,0
2369,1273989600,-0.6356579254157708,0
2370,1274011200,-0.6356579254157708,0
2371,1274032800,-0.31047192375922705,0
2372,1274054400,-0.6356579254157708,0
2373,1274076000,-0.31047192375922705,0
2374,1274097600,-0.6454921209887772,0
2375,1274119200,-0.6454921209887772,0
2376,1274140800,-0.6454921209887772,0
2377,1274162400,-0.6454921209887772,0
2378,1274184000,-0.6454921209887772,0
2379,1274205600,-0.6454921209887772,0
2380,1274227200,-0.6552915452295114,0
2381,1274248800,-0.6552915452295114,0
2382,1274270400,-0.6552915452295114,0
2383,1274292000,-0.6552915452295114,0
2384,1274313600,-0.6552915452295114,0
2385,1274335200,-0.665103052881511,0
2386,1274356800,-0.665103052881511,0
2387,1274378400,-0.665103052881511,0
2388,1274400000,-0.665103052881511,0
2389,1274421600,-0.665103052881511,0
2390,1274443200,-0.33999862217764765,0
2391,1274464800,-0.33999862217764765,0
2392,1274486400,-0.33999862217764765,0
2393,1274508000,-0.6748955692961367,0
2394,1274529600,-0.33999862217764765,0
2395,1274551200,-0.6748955692961367,0
2396,1274572800,-0.6748955692961367,0
2397,1274594400,-0.33999862217764765,0
2398,1274616000,-0.33999862217764765,0
2399,1274637600,-0.014962652809071388,0
2400,1274659200,-0.33999862217764765,0
2401,1274680800,-0.33999862217764765,0
2402,1274702400,-0.014962652809071388,0
2403,1274724000,0.31997537767981044,0
2404,1274745600,0.31997537767981044,0
2405,1274767200,0.31997537767981044,0
2406,1274788800,0.31997537767981044,0
2407,1274810400,0.31997537767981044,0
2408,1274832000,0.31997537767981044,0
2409,1274853600,0.6549544915390833,0
2410,1274875200,0.6549544915390833,0
2411,1274896800,0.6549544915390833,0
2412,1274918400,0.6549544915390833,0
2413,1274940000,0.6549544915390833,0
2414,1274961600,0.9899746887686334,0
2415,1274983200,0.9899746887686334,0
2416,1275004800,0.9899746887686334,0
2417,1275026400,0.9899746887686334,0
2418,1275048000,0.9899746887686334,0
2419,1275069600,0.9899746887686334,0
2420,1275091200,0.9899746887686334,0
2421,1275112800,0.9899746887686334,0
2422,1275134400,0.6649387194000571,0
2423,1275156000,0.6649387194000571,0
2424,1275177600,1.0,0
2425,1275199200,1.0,0
2426,1275220800,1.0,0
2427,1275242400,0.6649387194000571,0
2428,1275264000,1.0,0
2429,1275285600,0.6748955692961385,0
2430,1275307200,0.6748955692961385,0
2431,1275328800,0.6748955692961385,0
2432,1275350400,0.3497690464592562,0
2433,1275372000,0.3497690464592562,0
2434,1275393600,0.3497690464592562,0
2435,1275415200,0.02458935684071584,0
2436,1275436800,0.02458935684071584,0
2437,1275458400,0.02458935684071584,0
2438,1275480000,0.02458935684071584,0
2439,1275501600,0.3596917208110515,0
2440,1275523200,0.02458935684071584,0
2441,1275544800,-0.30059664481582793,0
2442,1275566400,-0.30059664481582793,0
2443,1275588000,-0.30059664481582793,0
2444,1275609600,0.3596917208110515,0
2445,1275631200,-0.30059664481582793,0
2446,1275652800,0.3596917208110515,0
2447,1275674400,0.3596917208110515,0
2448,1275696000,0.3596917208110515,0
2449,1275717600,0.3596917208110515,0
2450,1275739200,0.02458935684071584,0
2451,1275760800,-0.30059664481582793,0
2452,1275782400,0.02458935684071584,0
2453,1275804000,0.02458935684071584,0
2454,1275825600,-0.30059664481582793,0
2455,1275847200,-0.30059664481582793,0
2456,1275868800,-0.30059664481582793,0
2457,1275890400,-0.6356579254157708,0
2458,1275912000,-0.6356579254157708,0
2459,1275933600,-0.6356579254157708,0
2460,1275955200,-0.6356579254157708,0
2461,1275976800,-0.31047192375922705,0
2462,1275998400,-0.6454921209887772,0
2463,1276020000,-0.6454921209887772,0
2464,1276041600,-0.6454921209887772,0
2465,1276063200,-0.6454921209887772,0
2466,1276084800,-0.6454921209887772,0
2467,1276106400,-0.6454921209887772,0
2468,1276128000,-0.6552915452295114,0
2469,1276149600,-0.6552915452295114,0
2470,1276171200,-0.6552915452295114,0
2471,1276192800,-0.6552915452295114,0
2472,1276214400,-0.6552915452295114,0
2473,1276236000,-0.6552915452295114,0
2474,1276257600,-0.665103052881511,0
2475,1276279200,-0.665103052881511,0
2476,1276300800,-0.665103052881511,0
2477,1276322400,-0.665103052881511,0
2478,1276344000,-0.665103052881511,0
2479,1276365600,-0.665103052881511,0
2480,1276387200,-0.665103052881511,0
2481,1276408800,-0.665103052881511,0
2482,1276430400,-0.33999862217764765,0
2483,1276452000,-0.33999862217764765,0
2484,1276473600,-0.6748955692961367,0
2485,1276495200,-0.6748955692961367,0
2486,1276516800,-0.33999862217764765,0
2487,1276538400,-0.6748955692961367,0
2488,1276560000,-0.6748955692961367,0
2489,1276581600,-0.33999862217764765,0
2490,1276603200,-0.33999862217764765,0
2491,1276624800,-0.33999862217764765,0
2492,1276646400,-0.014962652809071388,0
2493,1276668000,-0.014962652809071388,0
2494,1276689600,-0.014962652809071388,0
2495,1276711200,0.31997537767981044,0
2496,1276732800,0.31997537767981044,0
2497,1276754400,0.31997537767981044,0
2498,1276776000,0.31997537767981044,0
2499,1276797600,0.6549544915390833,0
2500,1276819200,0.6549544915390833,0
2501,1276840800,0.6549544915390833,0
2502,1276862400,0.6549544915390833,0
2503,1276884000,0.6549544915390833,0
2504,1276905600,0.6549544915390833,0
2505,1276927200,0.6549544915390833,0
2506,1276948800,0.9899746887686334,0
2507,1276970400,0.9899746887686334,0
2508,1276992000,0.9899746887686334,0
2509,1277013600,0.9899746887686334,0
2510,1277035200,0.9899746887686334,0
2511,1277056800,0.9899746887686334,0
2512,1277078400,0.6649387194000571,0
2513,1277100000,0.9899746887686334,0
2514,1277121600,0.6649387194000571,0
2515,1277143200,0.6649387194000571,0
2516,1277164800,1.0,0
2517,1277186400,1.0,0
2518,1277208000,1.0,0
2519,1277229600,0.6748955692961385,0
2520,1277251200,0.6748955692961385,0
2521,1277272800,0.6748955692961385,0
2522,1277294400,0.3497690464592562,0
2523,1277316000,0.3497690464592562,0
2524,1277337600,0.3497690464592562,0
2525,1277359200,0.3497690464592562,0
2526,1277380800,0.02458935684071584,0
2527,1277402400,0.02458935684071584,0
2528,1277424000,0.02458935684071584,0
2529,1277445600,-0.30059664481582793,0
2530,1277467200,0.02458935684071584,0
2531,1277488800,0.3596917208110515,0
2532,1277510400,-0.30059664481582793,0
2533,1277532000,0.3596917208110515,0
2534,1277553600,0.3596917208110515,0
2535,1277575200,-0.30059664481582793,0
2536,1277596800,0.3596917208110515,0
2537,1277618400,0.3596917208110515,0
2538,1277640000,0.3596917208110515,0
2539,1277661600,0.02458935684071584,0
2540,1277683200,0.02458935684071584,0
2541,1277704800,0.02458935684071584,0
2542,1277726400,0.02458935684071584,0
2543,1277748000,0.02458935684071584,0
2544,1277769600,-0.30059664481582793,0
2545,1277791200,-0.30059664481582793,0
2546,1277812800,-0.30059664481582793,0
2547,1277834400,-0.6356579254157708,0
2548,1277856000,-0.31047192375922705,0
2549,1277877600,-0.6356579254157708,0
2550,1277899200,-0.31047192375922705,0
2551,1277920800,-0.31047192375922705,0
2552,1277942400,-0.6454921209887772,0
2553,1277964000,-0.6454921209887772,0
2554,1277985600,-0.6454921209887772,0
2555,1278007200,-0.6454921209887772,0
2556,1278028800,-0.6454921209887772,0
2557,1278050400,-0.3203124313702368,0
2558,1278072000,-0.6552915452295114,0
2559,1278093600,-0.6552915452295114,0
2560,1278115200,-0.6552915452295114,0
2561,1278136800,-0.6552915452295114,0
2562,1278158400,-0.6552915452295114,0
2563,1278180000,-0.665103052881511,0
2564,1278201600,-0.665103052881511,0
2565,1278223200,-0.665103052881511,0
2566,1278244800,-0.665103052881511,0
2567,1278266400,-0.665103052881511,0
2568,1278288000,-0.665103052881511,0
2569,1278309600,-0.665103052881511,0
2570,1278331200,-0.33999862217764765,0
2571,1278352800,-0.33999862217764765,0
2572,1278374400,-0.33999862217764765,0
2573,1278396000,-0.6748955692961367,0
2574,1278417600,-0.6748955692961367,0
2575,1278439200,-0.6748955692961367,0
2576,1278460800,-0.6748955692961367,0
2577,1278482400,-0.33999862217764765,0
2578,1278504000,-0.014962652809071388,0
2579,1278525600,-0.014962652809071388,0
2580,1278547200,-0.014962652809071388,0
2581,1278568800,-0.014962652809071388,0
2582,1278590400,-0.014962652809071388,0
2583,1278612000,0.31997537767981044,0
2584,1278633600,0.31997537767981044,0
2585,1278655200,0.31997537767981044,0
2586,1278676800,0.31997537767981044,0
2587,1278698400,0.31997537767981044,0
2588,1278720000,0.6549544915390833,0
2589,1278741600,0.6549544915390833,0
2590,1278763200,0.6549544915390833,0
2591,1278784800,0.6549544915390833,0
2592,1278806400,0.6549544915390833,0
2593,1278828000,0.6549544915390833,0
2594,1278849600,0.9899746887686334,0
2595,1278871200,0.9899746887686334,0
2596,1278892800,0.9899746887686334,0
2597,1278914400,0.9899746887686334,0
2598,1278936000,0.9899746887686334,0
2599,1278957600,0.9899746887686334,0
2600,1278979200,0.9899746887686334,0
2601,1279000800,0.6649387194000571,0
2602,1279022400,0.6649387194000571,0
2603,1279044000,1.0,0
2604,1279065600,0.6649387194000571,0
2605,1279087200,1.0,0
2606,1279108800,1.0,0
2607,1279130400,1.0,0
2608,1279152000,0.6748955692961385,0
2609,1279173600,0.6748955692961385,0
2610,1279195200,0.3497690464592562,0
2611,1279216800,0.3497690464592562,0
2612,1279238400,0.3497690464592562,0
2613,1279260000,0.3497690464592562,0
2614,1279281600,0.02458935684071584,0
2615,1279303200,0.02458935684071584,0
2616,1279324800,0.02458935684071584,0
2617,1279346400,0.02458935684071584,0
2618,1279368000,0.02458935684071584,0
2619,1279389600,0.02458935684071584,0
2620,1279411200,0.3596917208110515,0
2621,1279432800,0.3596917208110515,0
2622,1279454400,0.02458935684071584,0
2623,1279476000,0.3596917208110515,0
2624,1279497600,0.3596917208110515,0
2625,1279519200,0.02458935684071584,0
2626,1279540800,0.02458935684071584,0
2627,1279562400,0.02458935684071584,0
2628,1279584000,0.02458935684071584,0
2629,1279605600,0.02458935684071584,0
2630,1279627200,0.02458935684071584,0
2631,1279648800,0.02458935684071584,0
2632,1279670400,0.02458935684071584,0
2633,1279692000,-0.31047192375922705,0
2634,1279713600,-0.31047192375922705,0
2635,1279735200,-0.31047192375922705,0
2636,1279756800,-0.31047192375922705,0
2637,1279778400,-0.31047192375922705,0
2638,1279800000,-0.31047192375922705,0
2639,1279821600,-0.31047192375922705,0
2640,1279843200,-0.6454921209887772,0
2641,1279864800,-0.6454921209887772,0
2642,1279886400,-0.6454921209887772,0
2643,1279908000,-0.6454921209887772,0
2644,1279929600,-0.3203124313702368,0
2645,1279951200,-0.6552915452295114,0
2646,1279972800,-0.6552915452295114,0
2647,1279994400,-0.6552915452295114,0
